ID,Name,Description,Category ID,Category Name,Price,Available,Image URL,Popular,Preparation Time,Name EN,Name AZ,Name RU,Name TR,Name AR,Name HI,Name FR,Name IT,Description EN,Description AZ,Description RU,Description TR,Description AR,Description HI,Description FR,Description IT,Created At,Updated At
cat-8-burger-roll-7-burger-inn,Burger Inn ,,cat-8-burger-roll,Burger Roll,22.5,1,/spinner.svg,0,15,Burger Inn ,Burger Inn,Бургер Инн,Burger Inn,برجر إن,बर्गर इन,Burger Inn,Burger Inn,"Pizza Inn special triple-layer sandwich with beef, lettuce, and tomato","Pizza Inn mal əti, kahı və pomidor ilə xüsusi üç qatlı sendviç","Фирменный трехслойный сэндвич Pizza Inn с говядиной, салатом и помидорами","Pizza Inn'in özel üç katlı sandviçi dana eti, marul ve domatesle",ساندويتش بيتزا إن الخاص المكون من ثلاث طبقات مع لحم البقر والخس والطماطم,"पिज़्ज़ा इन का विशेष ट्रिपल-लेयर सैंडविच जिसमें बीफ, लेट्यूस और टमाटर शामिल हैं","Sandwich spécial à trois couches de Pizza Inn avec bœuf, laitue et tomate","Panino speciale a triplo strato di Pizza Inn con manzo, lattuga e pomodoro",2025-05-08 14:33:57,2025-05-08 14:33:57
cat-8-burger-roll-2-club-sendvi--,Club Sandwich ,,cat-8-burger-roll,Burger Roll,16,1,/spinner.svg,0,15,Club Sandwich ,Club Sendviç,Клаб-сэндвич,Kulüp sandviç,ساندويتش كلوب,क्लब सैंडविच ,Club Sandwich,Panino Club,"Classic triple-layer sandwich with beef, lettuce, and tomato","Mal əti, kahı və pomidor ilə klassik üç qatlı sendviç","Классический трехслойный сэндвич с говядиной, салатом и помидорами","Sığır eti, marul ve domatesle hazırlanan klasik üç katlı sandviç",ساندويتش كلاسيكي ثلاثي الطبقات مع لحم البقر والخس والطماطم,"गोमांस, सलाद पत्ता और टमाटर के साथ क्लासिक ट्रिपल-लेयर सैंडविच","Sandwich classique à trois couches avec bœuf, laitue et tomate","Classico panino a triplo strato con manzo, lattuga e pomodoro",2025-05-08 14:33:57,2025-05-08 14:33:57
cat-8-burger-roll-4-hamburger,Hamburger ,,cat-8-burger-roll,Burger Roll,19.9,1,/spinner.svg,0,15,Hamburger ,Hamburger,гамбургер,Hamburger,هامبرغر,हैमबर्गर,Hamburger,Hamburger,"Juicy beef patty with fresh lettuce, tomato, and onion","Təzə kahı, pomidor və soğan ilə şirəli mal əti köftesi","Сочная говяжья котлета со свежим салатом, помидорами и луком","Taze marul, domates ve soğanla sulu dana köftesi",فطيرة لحم بقري طرية مع خس طازج وطماطم وبصل,"ताजा सलाद, टमाटर और प्याज के साथ रसदार बीफ पैटी","Galette de bœuf juteuse avec laitue fraîche, tomate et oignon","Succoso hamburger di manzo con lattuga fresca, pomodoro e cipolla",2025-05-08 14:33:57,2025-05-08 14:33:57
cat-8-burger-roll-6-kesadi-lya,Quesadilla ,,cat-8-burger-roll,Burger Roll,19.9,1,/spinner.svg,0,15,Quesadilla ,Kesadilya,Кесадилья ,Quesadilla ,كيساديا,केसाडिला ,Quesadilla,Quesadilla ,Grilled tortilla filled with melted cheese and spices,Ərinmiş pendir və ədviyyatlarla doldurulmuş ızgara tortilla,"Жареная тортилья, наполненная плавленым сыром и специями",Eritilmiş peynir ve baharatlarla doldurulmuş ızgara tortilla,تورتيلا مشوية محشوة بالجبن الذائب والتوابل,पिघले हुए पनीर और मसालों से भरा ग्रिल्ड टॉर्टिला,Tortilla grillée farcie de fromage fondu et d'épices,Tortilla grigliata ripiena di formaggio fuso e spezie,2025-05-08 14:33:57,2025-05-08 14:33:57
cat-8-burger-roll-1-toyuq-burger,Chicken Burger ,,cat-8-burger-roll,Burger Roll,14.5,1,/spinner.svg,0,15,Chicken Burger ,Toyuq Burger,Куриный бургер,Tavuk Burger,برجر دجاج,चिकन बर्गर,Burger au poulet,Hamburger di pollo,Tender grilled chicken breast with crisp vegetables,Xırtıldayan tərəvəz ilə qızardılmış toyuq göğsü,Нежная куриная грудка на гриле с хрустящими овощами,Kıtır sebzelerle yumuşak ızgara tavuk göğsü,صدر دجاج مشوي طري مع خضراوات مقرمشة,कुरकुरी सब्जियों के साथ नरम ग्रिल्ड चिकन ब्रेस्ट,Tendre poitrine de poulet grillée avec légumes croquants,Tenero petto di pollo alla griglia con verdure croccanti,2025-05-08 14:33:57,2025-05-08 14:33:57
cat-8-burger-roll-3--i-zburger,Cheeseburger ,,cat-8-burger-roll,Burger Roll,21,1,/spinner.svg,0,15,Cheeseburger ,Çizburger,Чизбургер,Peynirli hamburger,تشيز برجر,चीज़बर्गर,Cheeseburger,Cheeseburger,Beef burger topped with melted cheese and classic fixings,Ərinmiş pendir və klassik fiksasiya ilə doldurulmuş mal əti burger,"Бургер с говядиной, плавленым сыром и классическими заправками",Eritilmiş peynir ve klasik malzemelerle tepesinde dana burger,برجر لحم بقري مغطى بالجبن الذائب والإضافات الكلاسيكية,पिघले हुए पनीर और क्लासिक सामग्री से सजा हुआ बीफ बर्गर,Burger de bœuf garni de fromage fondu et de garnitures classiques,Hamburger di manzo con formaggio fuso e contorni classici,2025-05-08 14:33:57,2025-05-08 14:33:57
cat-8-burger-roll-5---l--burger,Triple Burger ,,cat-8-burger-roll,Burger Roll,23,1,/spinner.svg,0,15,Triple Burger ,Üçlü Burger,Тройной бургер,Üçlü Burger,برجر ثلاثي,ट्रिपल बर्गर,Triple Burger,Triplo hamburger,Three beef patties stacked high with cheese and toppings,Üç mal əti köftesi pendir və əlavələrlə üst-üstə yığılmışdır,"Три говяжьи котлеты, сложенные высоко с сыром и начинкой","Üç dana köftesi, peynir ve çeşitli malzemelerle üst üste dizilmiş",ثلاث فطائر لحم بقري مليئة بالجبن والإضافات,तीन बीफ पैटीज को पनीर और टॉपिंग के साथ ऊपर से रखा गया,Trois galettes de bœuf garnies de fromage et de garnitures,Tre hamburger di manzo ricoperti di formaggio e condimenti,2025-05-08 14:33:57,2025-05-08 14:33:57
cat-7-desert-9-balli-tort,Honey Cake ,,cat-7-desert,Dessert,10,1,/spinner.svg,0,15,Honey Cake ,Ballı Tort,Медовый торт,Ballı kek,كعكة العسل,शहद केक ,Gâteau au miel,Torta al miele,Moist layered cake sweetened with natural honey,Təbii bal ilə şirinləşdirilmiş nəm qatlı tort,"Влажный многослойный пирог, подслащенный натуральным медом",Doğal balla tatlandırılmış nemli katmanlı kek,كعكة رطبة متعددة الطبقات محلاة بالعسل الطبيعي,प्राकृतिक शहद से मीठा किया गया नमीयुक्त स्तरित केक,Gâteau moelleux en couches sucré au miel naturel,Torta umida a strati addolcita con miele naturale,2025-05-08 14:33:57,2025-05-08 14:33:57
cat-7-desert-5-dondurma,Ice Cream ,,cat-7-desert,Dessert,8,1,/spinner.svg,0,15,Ice Cream ,Dondurma,Мороженое ,Dondurma,بوظة ,आइसक्रीम ,Glace ,Gelato,Creamy frozen dessert in various flavors,Müxtəlif dadlarda kremli dondurulmuş desert,Сливочный замороженный десерт с разными вкусами,Çeşitli tatlarda kremalı dondurulmuş tatlı,حلوى مجمدة كريمية بنكهات مختلفة,विभिन्न स्वादों में मलाईदार जमे हुए मिठाई,Dessert glacé crémeux aux saveurs variées,Dessert congelato cremoso in vari gusti,2025-05-08 14:33:57,2025-05-08 14:33:57
cat-7-desert-15-havuc-di-li-m,Carrot Slices ,,cat-7-desert,Dessert,10,1,/spinner.svg,0,15,Carrot Slices ,Havuç Dilim,Морковные ломтики,Havuç dilimleri,شرائح الجزر,गाजर के टुकड़े,tranches de carottes,fette di carota,Fresh carrot sticks served as a healthy treat,Təzə yerkökü çubuqları sağlam bir müalicə kimi xidmət etdi,Свежие морковные палочки подаются как полезное угощение,Sağlıklı bir ikram olarak servis edilen taze havuç çubukları,أعواد الجزر الطازجة تقدم كوجبة صحية,ताजा गाजर की छड़ें एक स्वस्थ उपचार के रूप में परोसा जाता है,Bâtonnets de carottes fraîches servis comme une friandise saine,Bastoncini di carota freschi serviti come una sana sorpresa,2025-05-08 14:33:57,2025-05-08 14:33:57
cat-7-desert-2-karamelli--tort,Caramel Cake ,,cat-7-desert,Dessert,10,1,/spinner.svg,0,15,Caramel Cake ,Karamelli Tort,Карамельный торт,Karamelli Kek,كعكة الكراميل,कारमेल केक,Gâteau au caramel,Torta al caramello,Rich sponge cake with smooth caramel glaze,Hamar karamel şirəsi ilə zəngin süngər tortu,Богатый бисквит с нежной карамельной глазурью,Pürüzsüz karamel soslu zengin sünger kek,كعكة إسفنجية غنية مع طبقة كراميل ناعمة,चिकनी कारमेल ग्लेज़ के साथ समृद्ध स्पंज केक,Gâteau éponge riche avec glaçage au caramel onctueux,Ricca torta spugnosa con glassa al caramello liscia,2025-05-08 14:33:57,2025-05-08 14:33:57
cat-7-desert-14-k-nefe,Künefe ,,cat-7-desert,Dessert,10,1,/spinner.svg,0,15,Künefe ,Künefe,Кюнефе,Künefe,الكنافة,कुनेफे,Künefe,Künefe,Traditional Turkish dessert with cheese and crispy pastry,Pendir və xırtıldayan pasta ilə ənənəvi türk deserti,Традиционный турецкий десерт с сыром и хрустящим тестом,Peynirli ve çıtır hamurlu geleneksel Türk tatlısı,حلوى تركية تقليدية مع الجبن والمعجنات المقرمشة,पनीर और कुरकुरी पेस्ट्री के साथ पारंपरिक तुर्की मिठाई,Dessert traditionnel turc au fromage et à la pâte croustillante,Dolce tradizionale turco con formaggio e pasta croccante,2025-05-08 14:33:57,2025-05-08 14:33:57
cat-7-desert-6-mara--dondurma,Maraş Ice Cream ,,cat-7-desert,Dessert,8.5,1,/spinner.svg,0,15,Maraş Ice Cream ,Maraş Dondurma,Мороженое Мараш,Maraş Dondurması,آيس كريم ماراش,मारस आइसक्रीम,Glace Maraş,Gelato Maraş,Authentic Turkish ice cream with unique stretchy texture,Unikal uzanan teksturaya malik orijinal türk dondurması,Настоящее турецкое мороженое с уникальной эластичной текстурой,Benzersiz esnek dokusuyla gerçek Türk dondurması,آيس كريم تركي أصيل ذو ملمس مطاطي فريد,अद्वितीय खिंचावदार बनावट के साथ प्रामाणिक तुर्की आइसक्रीम,Glace turque authentique avec une texture extensible unique,Autentico gelato turco dalla consistenza elastica unica,2025-05-08 14:33:57,2025-05-08 14:33:57
cat-7-desert-1-qari-iq-meyv-,Mixed Fruit ,,cat-7-desert,Dessert,18,1,/spinner.svg,0,15,Mixed Fruit ,Qarışıq Meyvə,Фруктовый микс,Karışık Meyve,فواكه مشكلة,मिश्रित फल,Fruits mélangés,Frutta mista,Fresh seasonal fruits beautifully arranged,Təzə mövsüm meyvələri gözəl tərtib edilmişdir,"Свежие сезонные фрукты, красиво оформленные",Taze mevsim meyveleri güzelce düzenlenmiş,فواكه موسمية طازجة مرتبة بشكل جميل,ताजे मौसमी फल खूबसूरती से व्यवस्थित,Fruits frais de saison joliment disposés,Frutta fresca di stagione splendidamente disposta,2025-05-08 14:33:57,2025-05-08 14:33:57
cat-7-desert-10-san-sebastyan,San Sebastian ,,cat-7-desert,Dessert,12,1,/spinner.svg,0,15,San Sebastian ,San Sebastian,Сан-Себастьян,San Sebastian,سان سيباستيان,सैन सेबेस्टियन,Saint-Sébastien,San Sebastian,Basque-style cheesecake with caramelized top,Karamelize edilmiş üstü ilə bask üslublu cheesecake,Чизкейк по-баскски с карамелизированной корочкой,Karamelize üstlü Bask tarzı cheesecake,تشيز كيك على الطريقة الباسكية مع طبقة من الكراميل,कारमेलाइज्ड टॉप के साथ बास्क-स्टाइल चीज़केक,Gâteau au fromage basque avec dessus caramélisé,Cheesecake in stile basco con superficie caramellata,2025-05-08 14:33:57,2025-05-08 14:33:57
cat-7-desert-12-s-dl--paxlava,Milk Baklava ,,cat-7-desert,Dessert,10,1,/spinner.svg,0,15,Milk Baklava ,Südlü Paxlava,Пахлава молочная,Sütlü Baklava,بقلاوة الحليب,दूध बकलावा,Baklava au lait,Baklava al latte,Layered pastry with milk custard and nuts,Süd kreması və qoz-fındıq ilə qatlanmış xəmir,Слоеное тесто с молочным заварным кремом и орехами,Sütlü muhallebi ve fındıklı katlı börek,معجنات متعددة الطبقات مع كريمة الحليب والمكسرات,दूध कस्टर्ड और नट्स के साथ स्तरित पेस्ट्री,Pâtisserie feuilletée à la crème anglaise et aux noix,Pasta sfoglia con crema al latte e noci,2025-05-08 14:33:57,2025-05-08 14:33:57
cat-7-desert-11-s-tlac,Rice Pudding ,,cat-7-desert,Dessert,7.9,1,/spinner.svg,0,15,Rice Pudding ,Sütlac,Рисовый пудинг,Sütlaç,بودنغ الأرز,खीर ,Riz au lait,Budino di riso,Creamy Turkish rice dessert with cinnamon,Darçınlı qaymaqlı türk düyü deserti,Сливочный турецкий рисовый десерт с корицей,Tarçınlı kremalı Türk pilavı tatlısı,حلوى الأرز التركية الكريمية مع القرفة,दालचीनी के साथ मलाईदार तुर्की चावल मिठाई,Dessert de riz turc crémeux à la cannelle,Dessert turco cremoso di riso con cannella,2025-05-08 14:33:57,2025-05-08 14:33:57
cat-7-desert-3-trali--e,Trifle ,,cat-7-desert,Dessert,9.5,1,/spinner.svg,0,15,Trifle ,Traliçe,Пустячок,Önemsiz şey,تافه,तिपहिया,Bagatelle,Sciocchezza,"Layered dessert with cake, cream, and fresh fruit","Tort, qaymaq və təzə meyvə ilə qatlanmış desert","Многослойный десерт с бисквитом, кремом и свежими фруктами","Kek, krema ve taze meyvelerden oluşan katmanlı tatlı",حلوى متعددة الطبقات مع الكعكة والكريمة والفواكه الطازجة,"केक, क्रीम और ताजे फल के साथ स्तरित मिठाई","Dessert étagé avec gâteau, crème et fruits frais","Dessert a strati con torta, panna e frutta fresca",2025-05-08 14:33:57,2025-05-08 14:33:57
cat-7-desert-13-t-rk-paxlavasi,Turkish Baklava ,,cat-7-desert,Dessert,10,1,/spinner.svg,0,15,Turkish Baklava ,Türk Paxlavası,Турецкая пахлава,Türk Baklavası,البقلاوة التركية,तुर्की बकलावा,Baklava turc,Baklava turca,Flaky phyllo pastry with nuts and honey syrup,Qoz-fındıq və bal siropu ilə xırda xəmir,Слоеное тесто фило с орехами и медовым сиропом,Fındık ve bal şuruplu yufka böreği,عجينة الفيلو المتقشرة مع المكسرات وشراب العسل,मेवे और शहद सिरप के साथ परतदार फाइलो पेस्ट्री,Pâte phyllo feuilletée aux noix et au sirop de miel,Pasta fillo sfogliata con noci e sciroppo di miele,2025-05-08 14:33:57,2025-05-08 14:33:57
cat-7-desert-7-ti-rami-su,Tiramisu ,,cat-7-desert,Dessert,12,1,/spinner.svg,0,15,Tiramisu ,Tiramisu,Тирамису,Tiramisu,تيراميسو,तिरामिसू,Tiramisu,Tiramisù,Italian coffee-flavored dessert with mascarpone,Mascarpone ilə İtalyan qəhvəsi ətirli desert,Итальянский кофейный десерт с маскарпоне,Mascarpone peynirli İtalyan kahve aromalı tatlı,حلوى إيطالية بنكهة القهوة مع جبنة الماسكاربوني,मस्करपोन के साथ इतालवी कॉफी-स्वाद वाली मिठाई,Dessert italien au café et au mascarpone,Dessert italiano al gusto di caffè con mascarpone,2025-05-08 14:33:57,2025-05-08 14:33:57
cat-7-desert-8--i-y-l-kli---i-zkeyk,Strawberry Cheesecake ,,cat-7-desert,Dessert,11,1,/spinner.svg,0,15,Strawberry Cheesecake ,Çiyələkli Çizkeyк,Клубничный чизкейк,Çilekli Cheesecake,تشيز كيك الفراولة,स्ट्रॉबेरी चीजकेक ,Gâteau au fromage aux fraises,Cheesecake alle fragole,Rich cheesecake topped with fresh strawberries,Təzə çiyələk ilə zəngin cheesecake,Насыщенный чизкейк со свежей клубникой,Taze çileklerle kaplı zengin cheesecake,كعكة الجبن الغنية مغطاة بالفراولة الطازجة,ताज़ा स्ट्रॉबेरी से सजा स्वादिष्ट चीज़केक,Gâteau au fromage riche garni de fraises fraîches,Cheesecake ricca guarnita con fragole fresche,2025-05-08 14:33:57,2025-05-08 14:33:57
cat-7-desert-4--okoladli--i-zkeyk,Chocolate Cheesecake ,,cat-7-desert,Dessert,11,1,/spinner.svg,0,15,Chocolate Cheesecake ,Şokoladlı Çizkeyк,Шоколадный чизкейк,çikolatalı cheesecake,تشيز كيك الشوكولاتة,चॉकलेट चीज़केक,Gâteau au fromage au chocolat,Cheesecake al cioccolato,Decadent chocolate-flavored cheesecake,Dekadent şokolad ətirli cheesecake,Декадентский чизкейк со вкусом шоколада,Çökmekte olan çikolata aromalı cheesecake,تشيز كيك بنكهة الشوكولاتة الفاخرة,स्वादिष्ट चॉकलेट-स्वाद वाला चीज़केक,Cheesecake décadent au chocolat,Cheesecake decadente al gusto di cioccolato,2025-05-08 14:33:57,2025-05-08 14:33:57
cat-15-d-ni-z-m-hsullari--5-grilled-salmon-with-asian-sause,Grilled Salmon With Asian Sauce ,,cat-15-d-ni-z-m-hsullari-,Seafood,29,1,/spinner.svg,0,15,Grilled Salmon With Asian Sauce ,Asiya Souslu Qızardılmış Qızılbalıq,Лосось на гриле с азиатским соусом,Asya Soslu Izgara Somon,سمك السلمون المشوي مع صلصة آسيوية,एशियाई सॉस के साथ ग्रिल्ड सैल्मन,Saumon grillé à la sauce asiatique,Salmone alla griglia con salsa asiatica,Fresh salmon with savory Asian glaze,Dadlı Asiya şirəsi ilə təzə qızılbalıq,Свежий лосось с пикантной азиатской глазурью,Lezzetli Asya sosuyla taze somon,سمك السلمون الطازج مع صلصة آسيوية لذيذة,स्वादिष्ट एशियाई ग्लेज़ के साथ ताज़ा सामन,Saumon frais avec glaçage asiatique savoureux,Salmone fresco con glassa asiatica saporita,2025-05-08 14:33:57,2025-05-08 14:33:57
cat-15-d-ni-z-m-hsullari--8-k-r--ya-inda-krevetka,Prawns In Butter ,,cat-15-d-ni-z-m-hsullari-,Seafood,24,1,/spinner.svg,0,15,Prawns In Butter ,Kərə Yağında Krevetka,Креветки в масле,Tereyağında Karides,روبيان بالزبدة,मक्खन में झींगा,Crevettes au beurre,Gamberi al burro,Succulent prawns sautéed in garlic butter,Sarımsaqlı yağda qızardılmış şirəli karideslər,"Сочные креветки, обжаренные в чесночном масле",Sarımsaklı tereyağında sotelenmiş sulu karidesler,روبيان شهي مقلي في زبدة الثوم,लहसुन मक्खन में तले हुए रसीले झींगे,Crevettes succulentes sautées au beurre à l'ail,Gamberi succulenti saltati in burro all'aglio,2025-05-08 14:33:57,2025-05-08 14:33:57
cat-15-d-ni-z-m-hsullari--7-nar-souslu-n-r--bali-i,Pomegranate Sauce Grouper ,,cat-15-d-ni-z-m-hsullari-,Seafood,39,1,/spinner.svg,0,15,Pomegranate Sauce Grouper ,Nar Souslu Nərə Balığı,Гранатовый соус для окуня,Nar Soslu Lagos,سمك الهامور بصلصة الرمان,अनार सॉस ग्रूपर,Mérou à la sauce grenade,Cernia in salsa di melograno,Grilled grouper with tangy pomegranate reduction,Qızardılmış nar reduktoru,Жареный окунь с пикантным гранатовым соусом,Izgara lagos ve ekşi nar sosu,سمك الهامور المشوي مع صلصة الرمان اللاذعة,तीखे अनार के साथ ग्रिल्ड ग्रूपर,Mérou grillé avec réduction acidulée de grenade,Cernia alla griglia con riduzione di melograno piccante,2025-05-08 14:33:57,2025-05-08 14:33:57
cat-15-d-ni-z-m-hsullari--4-n-r--bali-i,Grouper Fish ,,cat-15-d-ni-z-m-hsullari-,Seafood,38,1,/spinner.svg,0,15,Grouper Fish ,Nərə Balığı,Рыба-групер,Lagos Balığı,سمك الهامور,ग्रुपर फिश ,Poisson mérou,Cernia,Fresh grouper prepared with Mediterranean herbs,Aralıq dənizi otları ilə hazırlanmış təzə orfoz,"Свежий окунь, приготовленный со средиземноморскими травами",Akdeniz otlarıyla hazırlanmış taze lagos,سمك الهامور الطازج المحضر بالأعشاب المتوسطية,भूमध्यसागरीय जड़ी-बूटियों से तैयार ताजा ग्रूपर,Mérou frais préparé aux herbes méditerranéennes,Cernia fresca preparata con erbe mediterranee,2025-05-08 14:33:57,2025-05-08 14:33:57
cat-15-d-ni-z-m-hsullari--1-qizilbaliq-qri-ld-,Grilled Trout ,,cat-15-d-ni-z-m-hsullari-,Seafood,28,1,/spinner.svg,0,15,Grilled Trout ,Qızardılmış Qızılbalıq,Форель на гриле,Izgara alabalık,سمك السلمون المرقط المشوي,ग्रिल्ड ट्राउट,Truite grillée,Trota alla griglia,Whole trout grilled with lemon and herbs,Limon və göyərti ilə qızardılmış bütün alabalıq,"Целая форель, приготовленная на гриле с лимоном и травами",Limon ve otlarla ızgara edilmiş bütün alabalık,سمك السلمون المرقط كامل مشوي مع الليمون والأعشاب,नींबू और जड़ी-बूटियों के साथ ग्रिल्ड पूरा ट्राउट,Truite entière grillée au citron et aux herbes,Trota intera alla griglia con limone ed erbe aromatiche,2025-05-08 14:33:57,2025-05-08 14:33:57
cat-15-d-ni-z-m-hsullari--9-si-bas-qovurma,Sea Bass Stir-Fry ,,cat-15-d-ni-z-m-hsullari-,Seafood,27,1,/spinner.svg,0,15,Sea Bass Stir-Fry ,Sibas Qovurma,Жареный морской окунь,Levrek Kızartma,سمك القاروص المقلي,सी बास स्टिर-फ्राई,Bar sauté,Branzino saltato in padella,Fresh sea bass with mixed vegetables,Qarışıq tərəvəz ilə təzə dəniz levrek,Свежий морской окунь с овощным ассорти,Karışık sebzelerle taze levrek,سمك القاروص الطازج مع الخضار المختلطة,मिश्रित सब्जियों के साथ ताजा समुद्री बास,Bar frais aux légumes variés,Branzino fresco con verdure miste,2025-05-08 14:33:57,2025-05-08 14:33:57
cat-15-d-ni-z-m-hsullari--2-tavada-farel,Pan-Fried Trout ,,cat-15-d-ni-z-m-hsullari-,Seafood,25,1,/spinner.svg,0,15,Pan-Fried Trout ,Tavada Farel,Жареная форель,Tavada kızartılmış alabalık,سمك السلمون المرقط المقلي,पैन-फ्राइड ट्राउट,Truite poêlée,Trota in padella,Crispy trout with golden crust,Qızıl qabıqlı xırtıldayan alabalıq,Хрустящая форель с золотистой корочкой,Altın kabuklu çıtır alabalık,سمك السلمون المرقط المقرمش بقشرة ذهبية,सुनहरे क्रस्ट के साथ कुरकुरा ट्राउट,Truite croustillante à la croûte dorée,Trota croccante con crosta dorata,2025-05-08 14:33:57,2025-05-08 14:33:57
cat-15-d-ni-z-m-hsullari--3--upra-qri-ld-,Grilled Sea Bream ,,cat-15-d-ni-z-m-hsullari-,Seafood,29,1,/spinner.svg,0,15,Grilled Sea Bream ,Qızardılmış Çupra,Жареный морской лещ,Izgara Çipura,الدنيس المشوي,ग्रिल्ड सी ब्रीम,Dorade grillée,Orata alla griglia,Mediterranean-style grilled fish,Aralıq dənizi üslubunda qızardılmış balıq,Рыба на гриле по-средиземноморски,Akdeniz usulü ızgara balık,سمك مشوي على الطريقة المتوسطية,भूमध्यसागरीय शैली की ग्रिल्ड मछली,Poisson grillé à la méditerranéenne,Pesce alla griglia in stile mediterraneo,2025-05-08 14:33:57,2025-05-08 14:33:57
cat-15-d-ni-z-m-hsullari--6-i-spanaqli-qizil-baliq,Spinach Red Mullet ,,cat-15-d-ni-z-m-hsullari-,Seafood,33,1,/spinner.svg,0,15,Spinach Red Mullet ,İspanaqlı Qızıl Balıq,Шпинат Красная Кефаль,Ispanaklı Barbunya,السبانخ البوري الأحمر,पालक लाल मुलेट,Rouget aux épinards,Spinaci e triglie,Red mullet served on bed of spinach,Kefal ispanaq yatağında verilir,Барабулька подается на подушке из шпината,Ispanak yatağında servis edilen barbunya balığı,البوري الأحمر يقدم على طبقة من السبانخ,पालक के बिस्तर पर परोसा गया लाल मुलेट,Rougets servis sur un lit d'épinards,Triglia di scoglio servita su letto di spinaci,2025-05-08 14:33:57,2025-05-08 14:33:57
cat-4-kabablar-6-adana-kabab,Adana Kebab ,,cat-4-kabablar,Kebabs,22,1,/spinner.svg,0,15,Adana Kebab ,Adana Kabab,Адана Кебаб,Adana Kebap,كباب أضنة,अडाना कबाब,Kebab d'Adana,Adana Kebab,Spicy ground lamb kebab from Turkish tradition,Türk ənənəsindən ədviyyatlı qiymə quzu kababı,Острый шашлык из баранины по турецкой традиции,Türk geleneğinden baharatlı kıyma kebabı,كباب لحم الضأن المفروم الحار من التقاليد التركية,तुर्की परंपरा से मसालेदार ग्राउंड मेमने कबाब,Brochette d'agneau haché épicée de tradition turque,Kebab di agnello macinato piccante della tradizione turca,2025-05-08 14:33:57,2025-05-08 14:33:57
cat-4-kabablar-1-l-l--kabab,Lula Kebab ,,cat-4-kabablar,Kebabs,22,1,/spinner.svg,0,15,Lula Kebab ,Lülə Kabab,Люля-кебаб,Lula Kebab,لولا كباب,लूला कबाब,Lula Kebab,Lula Kebab,Seasoned ground meat grilled on skewers,Şişlər üzərində qızardılmış ədviyyatlı qiymə ət,"Приправленный фарш, приготовленный на гриле на шампурах",Şişte ızgara edilmiş baharatlı kıyma,لحم مفروم متبل مشوي على أسياخ,मसालेदार पिसा हुआ मांस सीखों पर भूना हुआ,Viande hachée assaisonnée grillée sur des brochettes,Carne macinata condita e grigliata su spiedini,2025-05-08 14:33:57,2025-05-08 14:33:57
cat-4-kabablar-8-n-r--baliq-sarma,Grouper Fish Wrap ,,cat-4-kabablar,Kebabs,33,1,/spinner.svg,0,15,Grouper Fish Wrap ,Nərə Balıq Sarma,Обертка из рыбы-групера,Lagos Balığı Sarma,لفائف سمك الهامور,ग्रूपर मछली लपेटें,Wrap au mérou,Involtino di cernia,Grilled grouper wrapped in lavash bread,Lavaş çörəyinə bükülmüş qril qabığı,"Жареный окунь, завернутый в лаваш",Lavaş ekmeğine sarılı ızgara lagos,سمك الهامور المشوي ملفوفًا في خبز اللافاش,ग्रिल्ड ग्रूपर को लावाश ब्रेड में लपेटा गया,Mérou grillé enveloppé dans du pain lavash,Cernia alla griglia avvolta nel pane lavash,2025-05-08 14:33:57,2025-05-08 14:33:57
cat-4-kabablar-4-qari-iq-kabab,Mixed Kebab ,,cat-4-kabablar,Kebabs,24,1,/spinner.svg,0,15,Mixed Kebab ,Qarışıq Kabab,Смешанный кебаб,Karışık Kebap,كباب مشكل,मिश्रित कबाब,Kebab mixte,Kebab misto,Variety of grilled meats on one platter,Bir boşqabda müxtəlif qril ətləri,Разнообразие жареного мяса на одном блюде,Bir tepside çeşitli ızgara etler,مجموعة متنوعة من اللحوم المشوية على طبق واحد,एक ही प्लेट पर विभिन्न प्रकार के ग्रिल्ड मीट,Variété de viandes grillées sur un seul plateau,Varietà di carni alla griglia su un unico piatto,2025-05-08 14:33:57,2025-05-08 14:33:57
cat-4-kabablar-3-quzu-qabir-alari,Lamb Ribs ,,cat-4-kabablar,Kebabs,23,1,/spinner.svg,0,15,Lamb Ribs ,Quzu Qabırğaları,Ребрышки ягненка,Kuzu kaburga,أضلاع لحم الضأن,मेमने की पसलियाँ,Côtes d'agneau,Costine di agnello,Tender lamb ribs with aromatic spices,Aromatik ədviyyatlarla yumşaq quzu qabırğaları,Нежные бараньи ребрышки с ароматными специями,Aromatik baharatlarla yumuşak kuzu kaburgaları,أضلاع لحم الضأن الطرية مع التوابل العطرية,सुगंधित मसालों के साथ कोमल मेमने की पसलियाँ,Côtes d'agneau tendres aux épices aromatiques,Tenerissime costolette di agnello con spezie aromatiche,2025-05-08 14:33:57,2025-05-08 14:33:57
cat-4-kabablar-7-sultan-kababi,Sultan Kebab ,,cat-4-kabablar,Kebabs,121,1,/spinner.svg,0,15,Sultan Kebab ,Sultan Kababı,Султан Кебаб,Sultan Kebab,كباب السلطان,सुल्तान कबाब,Sultan Kebab,Sultan Kebab,Premium mixed meat kebab fit for royalty,Premium qarışıq ət kababı qonorar üçün uyğundur,"Премиальный шашлык из смешанного мяса, достойный королевской семьи",Kraliyet ailesine layık birinci sınıf karışık et kebap,كباب لحم مشكل فاخر يناسب الملوك,प्रीमियम मिश्रित मांस कबाब राजसी लोगों के लिए उपयुक्त,Kebab de viande mixte haut de gamme digne de la royauté,Kebab di carne mista premium degno della regalità,2025-05-08 14:33:57,2025-05-08 14:33:57
cat-4-kabablar-2-toyuq-kababi,Chicken Kebab ,,cat-4-kabablar,Kebabs,19,1,/spinner.svg,0,15,Chicken Kebab ,Toyuq Kababı,Куриный шашлык,Tavuk Kebabı,كباب دجاج,चिकन कबाब,Brochette de poulet,Kebab di pollo,Marinated chicken pieces grilled to perfection,Marine edilmiş toyuq parçaları mükəmməlliyə qədər qızardılır,"Маринованные кусочки курицы, идеально приготовленные на гриле",Marine edilmiş tavuk parçaları mükemmel bir şekilde ızgara edilmiş,قطع دجاج متبلة مشوية على درجة الكمال,मैरिनेट किए हुए चिकन के टुकड़ों को परफेक्ट तरीके से ग्रिल किया गया,Morceaux de poulet marinés et grillés à la perfection,Pezzi di pollo marinati e grigliati alla perfezione,2025-05-08 14:33:57,2025-05-08 14:33:57
cat-4-kabablar-5-ti-k--kababi,Tikka Kebab ,,cat-4-kabablar,Kebabs,22,1,/spinner.svg,0,15,Tikka Kebab ,Tikə Kababı,Тикка-кебаб,Tikka Kebab,كباب تيكا,टिक्का कबाब,Tikka Kebab,Tikka Kebab,Spiced meat cubes with traditional seasonings,Ənənəvi ədviyyatlarla ədviyyatlı ət kubları,Пряные мясные кубики с традиционными приправами,Geleneksel baharatlarla baharatlı et küpleri,مكعبات لحم متبلة بالبهارات التقليدية,पारंपरिक मसालों के साथ मसालेदार मांस के टुकड़े,Cubes de viande épicés aux assaisonnements traditionnels,Cubetti di carne speziati con condimenti tradizionali,2025-05-08 14:33:57,2025-05-08 14:33:57
cat-6-pastalar-9-beef-noodles,Beef Noodles ,,cat-6-pastalar,Pasta,19,1,/spinner.svg,0,15,Beef Noodles ,Mal Əti Makarnası,Говяжья лапша,dana eriştesi,نودلز لحم البقر,बीफ नूडल्स,Nouilles au bœuf,Tagliatelle di manzo,Stir-fried noodles with tender beef strips,Yumşaq mal əti zolaqları ilə qızardılmış əriştə,Жареная лапша с нежными полосками говядины,Yumuşak dana şeritleriyle sotelenmiş erişte,نودلز مقلية مع شرائح لحم بقري طرية,नरम बीफ स्ट्रिप्स के साथ तले हुए नूडल्स,Nouilles sautées avec des lanières de bœuf tendres,Noodles saltati in padella con teneri striscioline di manzo,2025-05-08 14:33:57,2025-05-08 14:33:57
cat-6-pastalar-7-chicken-noodles,Chicken Noodles ,,cat-6-pastalar,Pasta,17,1,/spinner.svg,0,15,Chicken Noodles ,Toyuq Makarnası,Куриная лапша,Tavuk eriştesi,نودلز الدجاج,चिकन के नूडल ,Nouilles au poulet,Tagliatelle di pollo,Asian-style noodles with chicken pieces,Toyuq parçaları ilə Asiya üslubunda əriştə,Лапша в азиатском стиле с кусочками курицы,Tavuk parçalı Asya usulü erişte,نودلز على الطريقة الآسيوية مع قطع الدجاج,चिकन के टुकड़ों के साथ एशियाई शैली के नूडल्स,Nouilles à l'asiatique avec morceaux de poulet,Noodles in stile asiatico con pezzi di pollo,2025-05-08 14:33:57,2025-05-08 14:33:57
cat-6-pastalar-6-d-ni-z-m-hsullu-fettu-i-ni-,Seafood Fettuccine ,,cat-6-pastalar,Pasta,18.5,1,/spinner.svg,0,15,Seafood Fettuccine ,Dəniz Məhsullu Fettuçini,Феттучини с морепродуктами,Deniz Mahsullü Fettuccine,فيتوتشيني المأكولات البحرية,समुद्री भोजन फेटुकाइन,Fettuccine aux fruits de mer,Fettuccine ai frutti di mare,Creamy pasta with mixed seafood,Qarışıq dəniz məhsulları ilə qaymaqlı makaron,Сливочная паста с морепродуктами,Karışık deniz mahsullü kremalı makarna,معكرونة كريمية مع مأكولات بحرية مشكلة,मिश्रित समुद्री भोजन के साथ मलाईदार पास्ता,Pâtes crémeuses aux fruits de mer,Pasta cremosa con frutti di mare misti,2025-05-08 14:33:57,2025-05-08 14:33:57
cat-6-pastalar-3-fettu-i-ni--alfredo,Fettuccine Alfredo ,,cat-6-pastalar,Pasta,18.5,1,/spinner.svg,0,15,Fettuccine Alfredo ,Fettuçini Alfredo,Феттучини Альфредо,Fettuccine Alfredo,فيتوتشيني ألفريدو,फेटूसिन अल्फ्रेडो ,Fettuccine Alfredo,Fettuccine Alfredo,Classic pasta in rich cream sauce,Zəngin krem ​​sousunda klassik makaron,Классическая паста в густом сливочном соусе,Zengin krema soslu klasik makarna,معكرونة كلاسيكية في صلصة كريمة غنية,क्रीम सॉस में क्लासिक पास्ता,Pâtes classiques dans une sauce crémeuse riche,Pasta classica in salsa cremosa e ricca,2025-05-08 14:33:57,2025-05-08 14:33:57
cat-6-pastalar-4-manti,Manti ,,cat-6-pastalar,Pasta,14,1,/spinner.svg,0,15,Manti ,Manti,Манты,Mantı,مانتي,मंती,Manti,Manti,Turkish dumplings with yogurt and garlic sauce,Qatıq və sarımsaq sousu ilə türk köftəsi,Турецкие пельмени с йогуртом и чесночным соусом,Yoğurtlu ve sarımsaklı soslu Türk mantısı,الزلابية التركية مع صلصة الزبادي والثوم,दही और लहसुन की चटनी के साथ तुर्की पकौड़ी,Raviolis turcs au yaourt et sauce à l'ail,Ravioli turchi con salsa allo yogurt e all'aglio,2025-05-08 14:33:57,2025-05-08 14:33:57
cat-6-pastalar-2-penne-arabi-ata,Penne Arrabbiata ,,cat-6-pastalar,Pasta,15.5,1,/spinner.svg,0,15,Penne Arrabbiata ,Penne Arabiyata,Пенне Аррабиата,Penne arrabbiata,بيني أرابياتا,पेने अर्राबियाटा,Penne Arrabbiata,Penne all'arrabbiata,Penne pasta in spicy tomato sauce,Acılı pomidor sousunda penne pastası,Паста Пенне в остром томатном соусе,Baharatlı domates soslu penne makarna,مكرونة بيني في صلصة الطماطم الحارة,मसालेदार टमाटर सॉस में पेनी पास्ता,Penne à la sauce tomate épicée,Penne al sugo piccante di pomodoro,2025-05-08 14:33:57,2025-05-08 14:33:57
cat-6-pastalar-10-salmon-papardella,Salmon Pappardelle ,,cat-6-pastalar,Pasta,19.5,1,/spinner.svg,0,15,Salmon Pappardelle ,Qızılbalıqlı Papardella,Лосось Паппарделле,Somon Pappardelle,بابارديل السلمون,सैल्मन पैपरडेल,Pappardelle au saumon,Pappardelle al salmone,Wide pasta ribbons with fresh salmon,Təzə qızılbalıq ilə geniş makaron lentləri,Широкие ленты пасты со свежим лососем,Taze somonlu geniş makarna şeritleri,شرائط المعكرونة العريضة مع سمك السلمون الطازج,ताजा सामन के साथ चौड़े पास्ता रिबन,Larges rubans de pâtes au saumon frais,Larghi nastri di pasta al salmone fresco,2025-05-08 14:33:57,2025-05-08 14:33:57
cat-6-pastalar-8-shrimps-noodles,Shrimp Noodles ,,cat-6-pastalar,Pasta,19,1,/spinner.svg,0,15,Shrimp Noodles ,Krevetka Makarnası,Лапша с креветками,Karidesli erişte,نودلز الروبيان,झींगा नूडल्स,Nouilles aux crevettes,Spaghetti di gamberi,Stir-fried noodles with succulent shrimp,Şirəli karides ilə qızardılmış əriştə,Жареная лапша с сочными креветками,Sulu karidesli sotelenmiş erişte,نودلز مقلية مع روبيان شهي,रसीले झींगे के साथ तले हुए नूडल्स,Nouilles sautées aux crevettes succulentes,Noodles saltati in padella con gamberi succulenti,2025-05-08 14:33:57,2025-05-08 14:33:57
cat-6-pastalar-1-spaqetti--bolonez,Spaghetti Bolognese ,,cat-6-pastalar,Pasta,18,1,/spinner.svg,0,15,Spaghetti Bolognese ,Spaqetti Bolonez,Спагетти Болоньезе,Spagetti Bolonez,سباغيتي بولونيز,स्पेगेटी बोलोग्नीज़,Spaghetti bolognaise,Spaghetti alla bolognese,Classic pasta with meat sauce,Ət sousu ilə klassik makaron,Классическая паста с мясным соусом,Et soslu klasik makarna,معكرونة كلاسيكية مع صلصة اللحم,मांस सॉस के साथ क्लासिक पास्ता,Pâtes classiques à la sauce à la viande,Pasta classica al ragù,2025-05-08 14:33:57,2025-05-08 14:33:57
cat-6-pastalar-5-toyuqlu-penna,Chicken Penne ,,cat-6-pastalar,Pasta,16.4,1,/spinner.svg,0,15,Chicken Penne ,Toyuqlu Penne,Куриный пенне,Tavuklu Penne,بيني الدجاج,चिकन पेन्ने,Penne au poulet,Penne al pollo,Penne pasta with grilled chicken pieces,Qızardılmış toyuq parçaları ilə penne makaron,Паста пенне с кусочками курицы на гриле,Izgara tavuk parçalı penne makarna,معكرونة بيني مع قطع دجاج مشوية,ग्रिल्ड चिकन के टुकड़ों के साथ पेन्ने पास्ता,Pâtes penne aux morceaux de poulet grillés,Penne con pezzi di pollo alla griglia,2025-05-08 14:33:57,2025-05-08 14:33:57
cat-2-pi-zzalar-2-alaturka,Ala Turka ,,cat-2-pi-zzalar,Pizza,21,1,https://cdn.cafetap.az/storage/images/7xCl2l26NE3OUBi4dZ771N4RlnfMhMSiyiHF0ojK2F4rZjYrtc.jpeg,0,15,Ala Turka ,Ala Turka,Ала Турка,Ala Turka,علاء توركا,अला तुर्का,Ala Turka,Ala Turka,Turkish-style pizza with local ingredients,Yerli inqrediyentlərlə türk üslubunda pizza,Пицца по-турецки из местных ингредиентов,Yerel malzemelerle hazırlanan Türk usulü pizza,بيتزا على الطريقة التركية بمكونات محلية,स्थानीय सामग्री से बना तुर्की शैली का पिज़्ज़ा,Pizza à la turque avec des ingrédients locaux,Pizza in stile turco con ingredienti locali,2025-05-08 14:33:57,2025-05-08 14:33:57
cat-2-pi-zzalar-4-appetito,Appetito ,,cat-2-pi-zzalar,Pizza,21,1,https://cdn.cafetap.az/storage/images/YwU5hwRRnyxjwHYwezqXY1ByLlvndM7UxLtu3zFuR6VaahmTEB.jpeg,0,15,Appetito ,Appetito,Аппетито,İştah,شهية,भूख,Appétit,Appetito,Gourmet pizza with mixed premium toppings,Qarışıq premium əlavələrlə gurme pizza,Пицца для гурманов с начинками премиум-класса,Karışık birinci sınıf malzemelerle gurme pizza,بيتزا فاخرة مع إضافات مميزة متنوعة,मिश्रित प्रीमियम टॉपिंग के साथ स्वादिष्ट पिज्जा,Pizza gastronomique avec garnitures premium mixtes,Pizza gourmet con condimenti misti premium,2025-05-08 14:33:57,2025-05-08 14:33:57
cat-2-pi-zzalar-6-bbq,Bbq ,,cat-2-pi-zzalar,Pizza,22,1,https://cdn.cafetap.az/storage/images/lRHXchLp9CbY3HyRqpQ6YoH8Gc2bDYVme6RNItLdNMeS8wIR5t.jpeg,0,15,Bbq ,BBQ,Барбекю,Barbekü,شواء,बीबीक्यू,Barbecue,Barbecue,Barbecue chicken pizza with smoky sauce,Dumanlı souslu barbekü toyuq pizzası,Пицца с курицей барбекю и дымным соусом,Dumanlı soslu barbekü tavuklu pizza,بيتزا دجاج مشوي مع صلصة مدخنة,स्मोकी सॉस के साथ बारबेक्यू चिकन पिज़्ज़ा,Pizza au poulet barbecue avec sauce fumée,Pizza al pollo barbecue con salsa affumicata,2025-05-08 14:33:57,2025-05-08 14:33:57
cat-2-pi-zzalar-5-buratta,Burrata ,,cat-2-pi-zzalar,Pizza,23,1,https://cdn.cafetap.az/storage/images/YsfLfG8ezLOvVIAUaPIrDa6Tb4iYpGEHyAvtXk9YRsPhn5xbhs.jpeg,0,15,Burrata ,Burrata,Буррата,Burrata,بوراتا,बुराटा,Burrata,Burrata,Pizza topped with creamy burrata cheese,Pizza qaymaqlı burrata pendiri ilə örtülmüşdür,Пицца с кремовым сыром буррата,Kremalı burrata peyniriyle kaplı pizza,بيتزا مغطاة بجبنة بوراتا الكريمية,क्रीमी बुराटा चीज़ से सजा पिज़्ज़ा,Pizza garnie de fromage burrata crémeux,Pizza condita con cremoso formaggio burrata,2025-05-08 14:33:57,2025-05-08 14:33:57
cat-2-pi-zzalar-14-caesar,Caesar ,,cat-2-pi-zzalar,Pizza,21.5,1,https://cdn.cafetap.az/storage/images/2ta5Ejn1ImSXD5ZP82pxOTeQT2gSG5ZbjUGMU7ZQ28aVkgnF2Y.jpeg,0,15,Caesar ,Caesar,Цезарь,Sezar,قيصر,सीज़र,César,Cesare,Pizza inspired by Caesar salad flavors,Sezar salatının dadlarından ilhamlanan pizza,"Пицца, вдохновленная вкусами салата «Цезарь»",Sezar salatası lezzetlerinden esinlenen pizza,بيتزا مستوحاة من نكهات سلطة سيزر,सीज़र सलाद के स्वाद से प्रेरित पिज़्ज़ा,Pizza inspirée des saveurs de la salade César,Pizza ispirata ai sapori dell'insalata Cesare,2025-05-08 14:33:57,2025-05-08 14:33:57
cat-2-pi-zzalar-10-caprese,Caprese ,,cat-2-pi-zzalar,Pizza,20,1,https://cdn.cafetap.az/storage/images/JqraNrBsC1XxgV20bh7l4LojKfqJVVPrGK2tuNg6M0wYd47jGk.jpeg,0,15,Caprese ,Caprese,Капрезе,Kaprese,كابريزي,कैप्रीज़,Caprese,Caprese,"Fresh mozzarella, tomato, and basil pizza","Təzə mozzarella, pomidor və reyhan pizza","Пицца со свежей моцареллой, помидорами и базиликом","Taze mozzarella, domates ve fesleğenli pizza",بيتزا موزاريلا طازجة وطماطم وريحان,"ताज़ा मोज़ारेला, टमाटर और तुलसी पिज़्ज़ा","Pizza à la mozzarella fraîche, aux tomates et au basilic","Pizza fresca con mozzarella, pomodoro e basilico",2025-05-08 14:33:57,2025-05-08 14:33:57
cat-2-pi-zzalar-8-chicken,Chicken ,,cat-2-pi-zzalar,Pizza,19.9,1,https://cdn.cafetap.az/storage/images/oQ7AoB7leNZBp0NrVVhDxTCTVplzcgzhwqFuEac4URiJUr2Qqh.jpeg,0,15,Chicken ,Chicken,Курица ,Tavuk ,فرخة ,मुर्गा ,Poulet ,Pollo ,Grilled chicken pizza with herbs,Otlar ilə qızardılmış toyuq pizza,Пицца с курицей на гриле и травами,Otlu ızgara tavuk pizza,بيتزا دجاج مشوي مع أعشاب,जड़ी-बूटियों के साथ ग्रिल्ड चिकन पिज़्ज़ा,Pizza au poulet grillé aux herbes,Pizza al pollo grigliato con erbe aromatiche,2025-05-08 14:33:57,2025-05-08 14:33:57
cat-2-pi-zzalar-9-chicken-bbq,Chicken Bbq ,,cat-2-pi-zzalar,Pizza,20.5,1,https://cdn.cafetap.az/storage/images/OaDTn1iF8rpnkz3qbPC1wsToyc9lT5dcl9fDvKNMdY2I0U11eR.jpeg,0,15,Chicken Bbq ,Chicken BBQ,Куриный шашлык,Tavuk barbekü,دجاج مشوي,चिकन बीबीक्यू,Poulet BBQ,Pollo al barbecue,Chicken pizza with barbecue sauce,Barbekü sousu ilə toyuq pizzası,Куриная пицца с соусом барбекю,Barbekü soslu tavuk pizza,بيتزا دجاج مع صلصة باربيكيو,बारबेक्यू सॉस के साथ चिकन पिज़्ज़ा,Pizza au poulet avec sauce barbecue,Pizza al pollo con salsa barbecue,2025-05-08 14:33:57,2025-05-08 14:33:57
cat-2-pi-zzalar-1-gamberetti,Gamberetti ,,cat-2-pi-zzalar,Pizza,23,1,https://cdn.cafetap.az/storage/images/VY3KgOsCshndhQii9rf4KLakR5VfcimwEh1WBHTBaqkJS1ndbQ.jpeg,0,15,Gamberetti ,Gamberetti,Гамберетти,Gamberetti,غامبيريتي,गाम्बरेट्टी,Gamberetti,Gamberetti,Shrimp pizza with garlic and herbs,Sarımsaq və göyərti ilə karides pizza,"Пицца с креветками, чесноком и травами",Sarımsaklı ve otlu karides pizzası,بيتزا الروبيان بالثوم والأعشاب,लहसुन और जड़ी बूटियों के साथ झींगा पिज्जा,Pizza aux crevettes à l'ail et aux herbes,Pizza di gamberi con aglio ed erbe aromatiche,2025-05-08 14:33:57,2025-05-08 14:33:57
cat-2-pi-zzalar-20-italiano,Italiano ,,cat-2-pi-zzalar,Pizza,22,1,https://cdn.cafetap.az/storage/images/SSFPM2Po0opnNNUlyiczGQuIYtoq04nVzMkhe8qJpemNDC34Vl.jpeg,0,15,Italiano ,Italiano,Итальяно,İtalyanca,إيطالي,इतालवी,italien,Italiano,Classic Italian pizza with traditional toppings,Ənənəvi əlavələrlə klassik italyan pizzası,Классическая итальянская пицца с традиционной начинкой,Geleneksel malzemelerle hazırlanan klasik İtalyan pizzası,بيتزا إيطالية كلاسيكية مع إضافات تقليدية,पारंपरिक टॉपिंग के साथ क्लासिक इतालवी पिज़्ज़ा,Pizza italienne classique avec garnitures traditionnelles,Pizza italiana classica con condimenti tradizionali,2025-05-08 14:33:57,2025-05-08 14:33:57
cat-2-pi-zzalar-12-kavurma,Kavurma ,,cat-2-pi-zzalar,Pizza,23,1,https://cdn.cafetap.az/storage/images/bYaGeX76fsxzHju83Q9Ipmy3RaJ5kksZwja8fHBxhUPSP6jK2o.jpeg,0,15,Kavurma ,Kavurma,Кавурма,Kavurma,كافورما,कवुर्मा,Kavurma,Kavurma,Turkish roasted meat pizza,Türk qovrulmuş ətli pizza,Турецкая пицца с жареным мясом,Türk usulü etli pizza,بيتزا اللحم المشوي التركي,तुर्की भुना हुआ मांस पिज्जा,Pizza turque à la viande rôtie,Pizza turca con carne arrosto,2025-05-08 14:33:57,2025-05-08 14:33:57
cat-2-pi-zzalar-19-margarita,Margherita ,,cat-2-pi-zzalar,Pizza,19,1,https://cdn.cafetap.az/storage/images/IUAbVnFecRRGRgApGjaGH5ldc0gKTVapKBanZMw2N13LeBCwNu.jpeg,0,15,Margherita ,Marqarita,Маргарита,Margarita,مارغريتا,मार्गेरिटा,Marguerite,Margherita,"Classic pizza with tomato, mozzarella, and basil","Pomidor, mozzarella və reyhan ilə klassik pizza","Классическая пицца с томатами, моцареллой и базиликом","Domates, mozzarella ve fesleğenli klasik pizza",بيتزا كلاسيكية مع الطماطم والموزاريلا والريحان,"टमाटर, मोज़ारेला और तुलसी के साथ क्लासिक पिज़्ज़ा","Pizza classique avec tomate, mozzarella et basilic","Pizza classica con pomodoro, mozzarella e basilico",2025-05-08 14:33:57,2025-05-08 14:33:57
cat-2-pi-zzalar-18-mexicano,Mexicano ,,cat-2-pi-zzalar,Pizza,19.5,1,https://cdn.cafetap.az/storage/images/L82sLtkasBU0sGuEb9wmX2z3TKXl6cGLcVGGOB3hZQLTZojSn9.jpeg,0,15,Mexicano ,Mexicano,Мексикано,Meksikalı,مكسيكي,मैक्सिकनो,Mexicain,Messicano,Spicy pizza with Mexican-inspired toppings,Meksikadan ilhamlanmış əlavələrlə ədviyyatlı pizza,Острая пицца с начинкой в ​​мексиканском стиле,Meksika esintili soslarla baharatlı pizza,بيتزا حارة مع إضافات مستوحاة من المطبخ المكسيكي,मैक्सिकन प्रेरित टॉपिंग के साथ मसालेदार पिज़्ज़ा,Pizza épicée avec garnitures d'inspiration mexicaine,Pizza piccante con condimenti di ispirazione messicana,2025-05-08 14:33:57,2025-05-08 14:33:57
cat-2-pi-zzalar-7-mix,Mix ,,cat-2-pi-zzalar,Pizza,20.5,1,https://cdn.cafetap.az/storage/images/M6fOmFFB3mnHCwt7WZJrg1sUXKRDN0PJO0bIRA0dOqYC5yHmax.jpeg,0,15,Mix ,Mix,Смешать,Karışım ,مزيج,मिक्स,Mélanger,Mescolare,Combination pizza with various toppings,Müxtəlif əlavələrlə qarışığı pizza,Комбинированная пицца с различными начинками,Çeşitli malzemelerle kombine pizza,بيتزا مشتركة مع إضافات متنوعة,विभिन्न टॉपिंग के साथ संयोजन पिज़्ज़ा,Pizza combinée avec différentes garnitures,Pizza combinata con vari condimenti,2025-05-08 14:33:57,2025-05-08 14:33:57
cat-2-pi-zzalar-17-pepperoni,Pepperoni ,,cat-2-pi-zzalar,Pizza,22,1,https://cdn.cafetap.az/storage/images/5nNHP9UTOKYKG5161kTBc4L7yWD4jbcfoJ3lAVh0URwlRRUpv1.jpeg,0,15,Pepperoni ,Pepperoni,Пепперони,Pepperoni,بيبروني,पेपरोनी,Pepperoni,Pepperoni,Classic pepperoni pizza,Klassik pepperoni pizza,Классическая пицца пепперони,Klasik pepperoni pizza,بيتزا بيبروني الكلاسيكية,क्लासिक पेपरोनी पिज़्ज़ा,Pizza au pepperoni classique,Pizza classica al salame piccante,2025-05-08 14:33:57,2025-05-08 14:33:57
cat-2-pi-zzalar-16-quattro-formaggi,Quattro Formaggi ,,cat-2-pi-zzalar,Pizza,19.9,1,https://cdn.cafetap.az/storage/images/T8FZOOjCn5E1dpPrztipEdWFBZa0hp8u2jMSTnaX3f61oxIkDf.jpeg,0,15,Quattro Formaggi ,Quattro Formaggi,Quattro Formaggi,Dört Formaggi,كواترو فورماجي,क्वात्रो फॉर्माग्गी,Quattro Formaggi,Quattro Formaggi,Four cheese pizza blend,Dörd pendirli pizza qarışığı,Смесь для пиццы «Четыре сыра»,Dört peynirli pizza karışımı,مزيج بيتزا بأربعة أنواع من الجبن,चार पनीर पिज्जा मिश्रण,Mélange pour pizza aux quatre fromages,Miscela per pizza ai quattro formaggi,2025-05-08 14:33:57,2025-05-08 14:33:57
cat-2-pi-zzalar-13-salami,Salami ,,cat-2-pi-zzalar,Pizza,22,1,https://cdn.cafetap.az/storage/images/1IuvCy733PUs3zMmr119xHzzQrZdNudeGbGtSgHKPaBrwzILnv.jpeg,0,15,Salami ,Salami,Салями,Salam,سلامي,सलामी,Salami,Salame,Italian salami pizza,İtalyan salam pizza,Итальянская пицца с салями,İtalyan salamlı pizza,بيتزا السلامي الإيطالية,इटालियन सलामी पिज़्ज़ा,pizza au salami italien,Pizza al salame italiana,2025-05-08 14:33:57,2025-05-08 14:33:57
cat-2-pi-zzalar-15-seafood,Seafood ,,cat-2-pi-zzalar,Pizza,24,1,https://cdn.cafetap.az/storage/images/tA94QZZS4WSRmhg3ob3wk2cAhSkhga6e9bn7FSRPo9G7AHWd2H.jpeg,0,15,Seafood ,Seafood,Морепродукты,Deniz ürünleri,المأكولات البحرية,समुद्री भोजन,Fruit de mer ,Frutti di mare ,Mixed seafood pizza,Qarışıq dəniz məhsulları pizza,Пицца с морепродуктами,Karışık deniz mahsullü pizza,بيتزا المأكولات البحرية المختلطة,मिश्रित समुद्री भोजन पिज़्ज़ा,Pizza aux fruits de mer mélangés,Pizza ai frutti di mare misti,2025-05-08 14:33:57,2025-05-08 14:33:57
cat-2-pi-zzalar-11-tuna,Tuna ,,cat-2-pi-zzalar,Pizza,22,1,https://cdn.cafetap.az/storage/images/m9OcEDoLxB2rRoD29ymx43PN7Q3xCeuLFGyGOqsKgdl4vHiO2r.jpeg,0,15,Tuna ,Tuna,Тунец,Ton balığı,سمك التونة,टूना,Thon ,Tonno ,Tuna pizza with Mediterranean flavors,Aralıq dənizi ləzzətləri ilə ton balığı pizzası,Пицца с тунцом и средиземноморскими нотками,Akdeniz lezzetleriyle ton balıklı pizza,بيتزا التونة بنكهات البحر الأبيض المتوسط,भूमध्यसागरीय स्वाद के साथ टूना पिज़्ज़ा,Pizza au thon aux saveurs méditerranéennes,Pizza al tonno con sapori mediterranei,2025-05-08 14:33:57,2025-05-08 14:33:57
cat-2-pi-zzalar-3-vegi,Vegi ,,cat-2-pi-zzalar,Pizza,18.7,1,https://cdn.cafetap.az/storage/images/R3s80ivlzqzPP16WWwqkJl3ItutFVyX68MnVGZTLJrTuF8WEey.jpeg,0,15,Vegi ,Vegi,Веги,Vejetaryen,نباتي,वेजी,Végétarien,Vegetariano,Vegetarian pizza with fresh vegetables,Təzə tərəvəz ilə vegetarian pizza,Вегетарианская пицца со свежими овощами,Taze sebzelerle vejetaryen pizza,بيتزا نباتية مع خضروات طازجة,ताजा सब्जियों के साथ शाकाहारी पिज्जा,Pizza végétarienne aux légumes frais,Pizza vegetariana con verdure fresche,2025-05-08 14:33:57,2025-05-08 14:33:57
cat-14-sac-1-quzu-sac,Lamb Sac ,,cat-14-sac,Sac,28,1,/spinner.svg,0,15,Lamb Sac ,Quzu Sac,Мешок ягненка,Kuzu kesesi,كيس لحم الضأن,मेमने की थैली,Sac d'agneau,Sacco di agnello,Traditional Turkish lamb stew in copper pot,Mis qazanda ənənəvi türk quzu əti güveç,Традиционное турецкое рагу из баранины в медном горшке,Bakır tencerede geleneksel Türk kuzu güveci,حساء لحم الضأن التركي التقليدي في قدر نحاسي,तांबे के बर्तन में पारंपरिक तुर्की मेमने का स्टू,Ragoût d'agneau turc traditionnel dans une marmite en cuivre,Stufato di agnello turco tradizionale in pentola di rame,2025-05-08 14:33:57,2025-05-08 14:33:57
cat-14-sac-2-toyuq-sac,Chicken Sac ,,cat-14-sac,Sac,22,1,/spinner.svg,0,15,Chicken Sac ,Toyuq Sac,Куриный мешок,Tavuk kesesi,كيس الدجاج,चिकन सैक,Sac de poulet,Sacco di pollo,Tender chicken cooked in traditional copper vessel,Ənənəvi mis qabda bişmiş yumşaq toyuq,"Нежная курица, приготовленная в традиционной медной посуде",Geleneksel bakır kapta pişirilen yumuşak tavuk,دجاج طري مطبوخ في وعاء نحاسي تقليدي,पारंपरिक तांबे के बर्तन में पकाया गया कोमल चिकन,Poulet tendre cuit dans un récipient traditionnel en cuivre,Tenero pollo cotto nel tradizionale recipiente di rame,2025-05-08 14:33:57,2025-05-08 14:33:57
cat-3-salatlar-8-badimcan-xirt-xirt-salati,Eggplant Spicy Salad ,,cat-3-salatlar,Salads,13,1,/spinner.svg,0,15,Eggplant Spicy Salad ,Badımcan Xırt-xırt Salatı,Острый салат из баклажанов,Patlıcanlı Baharatlı Salata,سلطة الباذنجان الحارة,बैंगन मसालेदार सलाद,Salade d'aubergines épicée,Insalata piccante di melanzane,Roasted eggplant with spicy dressing,Ədviyyatlı sarğı ilə qovrulmuş badımcan,Жареные баклажаны с острой заправкой,Baharatlı soslu közlenmiş patlıcan,باذنجان مشوي مع صلصة حارة,मसालेदार ड्रेसिंग के साथ भुना हुआ बैंगन,Aubergines rôties avec vinaigrette épicée,Melanzane arrostite con condimento piccante,2025-05-08 14:33:57,2025-05-08 14:33:57
cat-3-salatlar-10-burrata-salati,Burrata Salad ,,cat-3-salatlar,Salads,21,1,/spinner.svg,0,15,Burrata Salad ,Burrata Salatı,Салат Буррата,Burrata Salatası,سلطة بوراتا,बुराटा सलाद,Salade de burrata,Insalata di burrata,Fresh burrata cheese with mixed greens,Qarışıq göyərti ilə təzə burrata pendiri,Свежий сыр буррата с зеленью,Taze burrata peyniri ve karışık yeşillikler,جبنة بوراتا طازجة مع خضار مشكلة,मिश्रित साग के साथ ताजा बुराटा पनीर,Burrata fraîche avec mesclun,Burrata fresca con misticanza,2025-05-08 14:33:57,2025-05-08 14:33:57
cat-3-salatlar-15-chickhen-bowl,Chicken Bowl ,,cat-3-salatlar,Salads,17,1,/spinner.svg,0,15,Chicken Bowl ,Toyuq Bowl,Куриная миска,Tavuk Kasesi,وعاء الدجاج,चिकन बाउल,Bol de poulet,Ciotola di pollo,Grilled chicken with rice and vegetables,Düyü və tərəvəz ilə qızardılmış toyuq,Курица на гриле с рисом и овощами,"Izgara tavuk, pilav ve sebze",دجاج مشوي مع الأرز والخضار,चावल और सब्जियों के साथ ग्रिल्ड चिकन,Poulet grillé avec riz et légumes,Pollo alla griglia con riso e verdure,2025-05-08 14:33:57,2025-05-08 14:33:57
cat-3-salatlar-11-krevetkali-avokado-salati,Prawn Avocado Salad ,,cat-3-salatlar,Salads,19.5,1,/spinner.svg,0,15,Prawn Avocado Salad ,Krevetkali Avokado Salatı,Салат с креветками и авокадо,Karidesli Avokado Salatası,سلطة الروبيان والأفوكادو,झींगा एवोकैडो सलाद,Salade de crevettes et d'avocat,Insalata di gamberi e avocado,Fresh prawns with creamy avocado,Kremli avokado ilə təzə karides,Свежие креветки со сливочным авокадо,Kremalı avokado ile taze karides,روبيان طازج مع الأفوكادو الكريمي,मलाईदार एवोकाडो के साथ ताजा झींगा,Crevettes fraîches à l'avocat crémeux,Gamberi freschi con avocado cremoso,2025-05-08 14:33:57,2025-05-08 14:33:57
cat-3-salatlar-5-k-nc-tl--toyuq-salati,Sesame Chicken Salad ,,cat-3-salatlar,Salads,17.5,1,https://cdn.cafetap.az/storage/images/CD9AyQaXUgThbrKAzAHiZbyVlYIzhVDUXFioTIwC7bBWMg0GHn.jpeg,0,15,Sesame Chicken Salad ,Küncütlü Toyuq Salatı,Салат из курицы с кунжутом,Susamlı Tavuk Salatası,سلطة دجاج بالسمسم,तिल चिकन सलाद,Salade de poulet au sésame,Insalata di pollo al sesamo,Asian-inspired chicken with sesame dressing,Küncüt sousu ilə Asiyadan ilhamlanmış toyuq,Курица в азиатском стиле с кунжутной заправкой,Susam soslu Asya esintili tavuk,دجاج على الطريقة الآسيوية مع صلصة السمسم,तिल की ड्रेसिंग के साथ एशियाई प्रेरित चिकन,Poulet d'inspiration asiatique avec vinaigrette au sésame,Pollo di ispirazione asiatica con condimento al sesamo,2025-05-08 14:33:57,2025-05-08 14:33:57
cat-3-salatlar-2-qa-iq-salati,Spoon Salad ,,cat-3-salatlar,Salads,11,1,https://cdn.cafetap.az/storage/images/UFXnrHbJF9hdjKyxkAyspIrY8NogMxki2aQSmUOn1wkNfPkXpA.jpeg,0,15,Spoon Salad ,Qaşıq Salatı,Салат из ложки,Kaşık Salatası,سلطة الملعقة,चम्मच सलाद,Salade à la cuillère,Insalata al cucchiaio,Traditional Turkish mixed vegetable salad,Ənənəvi türk qarışıq tərəvəz salatı,Традиционный турецкий смешанный овощной салат,Geleneksel Türk karışık sebze salatası,سلطة الخضار التركية التقليدية المختلطة,पारंपरिक तुर्की मिश्रित सब्जी सलाद,Salade de légumes mélangés traditionnelle turque,Insalata mista di verdure tradizionali turche,2025-05-08 14:33:57,2025-05-08 14:33:57
cat-3-salatlar-12-salat-caprese,Caprese Salad ,,cat-3-salatlar,Salads,19.9,1,/spinner.svg,0,15,Caprese Salad ,Caprese Salatı,Салат Капрезе,Caprese Salatası,سلطة كابريزي,कैप्रीज़ सलाद ,Salade Caprese,Insalata Caprese,"Fresh mozzarella, tomato, and basil","Təzə mozzarella, pomidor və reyhan","Свежая моцарелла, помидоры и базилик","Taze mozzarella peyniri, domates ve fesleğen",موزاريلا طازجة، طماطم، وريحان,"ताजा मोत्ज़ारेला, टमाटर और तुलसी","Mozzarella fraîche, tomate et basilic","Mozzarella fresca, pomodoro e basilico",2025-05-08 14:33:57,2025-05-08 14:33:57
cat-3-salatlar-1-sezar-salati-krevetl-,Caesar Salad With Prawns ,,cat-3-salatlar,Salads,19.5,1,https://cdn.cafetap.az/storage/images/DBjh4dc8IcGo4o4FudvZBKTjdBPyqJMBjCSegKUyJDBtG2j3Go.jpeg,0,15,Caesar Salad With Prawns ,Krevetkali Sezar Salatı,Салат Цезарь с креветками,Karidesli Sezar Salatası,سلطة سيزر مع الروبيان,झींगा के साथ सीज़र सलाद,Salade César aux crevettes,Insalata Cesare con gamberi,Classic Caesar topped with grilled prawns,Klassik Sezar ızgara karides ilə doldurulur,Классический «Цезарь» с креветками на гриле,Izgara karideslerle kaplı klasik Sezar,سلطة سيزر الكلاسيكية مع الجمبري المشوي,ग्रिल्ड प्रॉन्स के साथ क्लासिक सीज़र,César classique garni de crevettes grillées,Caesar classico con gamberi alla griglia,2025-05-08 14:33:57,2025-05-08 14:33:57
cat-3-salatlar-4-sezar-salati-toyuqla,Caesar Salad With Chicken ,,cat-3-salatlar,Salads,17,1,https://cdn.cafetap.az/storage/images/PannKnqwnx65jJL496Uuj7V9qBOI0MoFA4FsMKunBj63KOUUty.jpeg,0,15,Caesar Salad With Chicken ,Toyuqlu Sezar Salatı,Салат Цезарь с курицей,Tavuklu Sezar Salatası,سلطة سيزر مع الدجاج,चिकन के साथ सीज़र सलाद,Salade César au poulet,Insalata Cesare con pollo,Traditional Caesar with chicken breast,Toyuq döşü ilə ənənəvi Sezar,Традиционный «Цезарь» с куриной грудкой,Tavuk göğsü ile geleneksel Sezar,سلطة سيزر التقليدية مع صدور الدجاج,चिकन ब्रेस्ट के साथ पारंपरिक सीज़र,César traditionnel avec poitrine de poulet,Cesare tradizionale con petto di pollo,2025-05-08 14:33:57,2025-05-08 14:33:57
cat-3-salatlar-14-smoked-salmon-bowl,Smoked Salmon Bowl ,,cat-3-salatlar,Salads,22,1,/spinner.svg,0,15,Smoked Salmon Bowl ,Tüstülənmiş Qızılbalıq Bowl,Чаша с копченым лососем,Füme Somon Kasesi,وعاء سمك السلمون المدخن,स्मोक्ड सैल्मन बाउल,Bol de saumon fumé,Ciotola di salmone affumicato,Smoked salmon with mixed greens and grains,Qarışıq göyərti və taxıl ilə hisə verilmiş qızılbalıq,Копченый лосось с зеленью и зерном,Karışık yeşillikler ve tahıllarla füme somon,سمك السلمون المدخن مع الخضار المختلطة والحبوب,मिश्रित साग और अनाज के साथ स्मोक्ड सैल्मन,Saumon fumé aux légumes verts mélangés et aux céréales,Salmone affumicato con verdure miste e cereali,2025-05-08 14:33:57,2025-05-08 14:33:57
cat-3-salatlar-13-tabule-salati,Tabbouleh Salad ,,cat-3-salatlar,Salads,8,1,/spinner.svg,0,15,Tabbouleh Salad ,Tabule Salatı,Салат Табуле,Tabbule Salatası,سلطة التبولة,तब्बौलेह सलाद,Salade de taboulé,Insalata di tabbouleh,Fresh parsley salad with bulgur and lemon,Bulqur və limon ilə təzə cəfəri salatı,Салат из свежей петрушки с булгуром и лимоном,Bulgur ve limonlu taze maydanoz salatası,سلطة البقدونس الطازج مع البرغل والليمون,बुलगुर और नींबू के साथ ताजा अजमोद सलाद,Salade de persil frais au boulgour et au citron,Insalata di prezzemolo fresco con bulgur e limone,2025-05-08 14:33:57,2025-05-08 14:33:57
cat-3-salatlar-6-ton-baliq-salati,Tuna Salad ,,cat-3-salatlar,Salads,17.5,1,https://cdn.cafetap.az/storage/images/7TpopLiQqSFJk9kp6ZpdeFvDliKDLr1mtWaaQQPkzDBr8FkFz6.jpeg,0,15,Tuna Salad ,Ton Balıq Salatı,Салат из тунца,Ton balığı salatası,سلطة التونة,टूना सलाद ,Salade de thon,Insalata di tonno,Fresh tuna with mixed vegetables,Qarışıq tərəvəz ilə təzə ton balığı,Свежий тунец с овощным ассорти,Karışık sebzeli taze ton balığı,تونة طازجة مع خضار مشكلة,मिश्रित सब्जियों के साथ ताजा ट्यूना,Thon frais aux légumes variés,Tonno fresco con verdure miste,2025-05-08 14:33:57,2025-05-08 14:33:57
cat-3-salatlar-7-x-susi--i-sti--salat,Special Hot Salad ,,cat-3-salatlar,Salads,18,1,/spinner.svg,0,15,Special Hot Salad ,Xüsusi İsti Salat,Специальный горячий салат,Özel Sıcak Salata,سلطة ساخنة خاصة,विशेष गरम सलाद,Salade chaude spéciale,Insalata calda speciale,Warm salad with grilled vegetables,Qızardılmış tərəvəz ilə isti salat,Теплый салат с овощами гриль,Izgara sebzelerle sıcak salata,سلطة دافئة مع خضار مشوية,ग्रिल्ड सब्जियों के साथ गर्म सलाद,Salade tiède aux légumes grillés,Insalata tiepida con verdure grigliate,2025-05-08 14:33:57,2025-05-08 14:33:57
cat-3-salatlar-9-zo-al-souslu-pomi-dor-salati,Herb Sauce Tomato Salad ,,cat-3-salatlar,Salads,12.5,1,/spinner.svg,0,15,Herb Sauce Tomato Salad ,Zoğal Souslu Pomidor Salatı,Салат из томатов с травяным соусом,Otlu Soslu Domates Salatası,سلطة الطماطم بصلصة الأعشاب,हर्ब सॉस टमाटर सलाद,Salade de tomates à la sauce aux herbes,Insalata di pomodori con salsa alle erbe,Fresh tomatoes with herb dressing,Təzə pomidor ilə otlar,Свежие помидоры с травяной заправкой,Otlu soslu taze domatesler,طماطم طازجة مع صلصة الأعشاب,जड़ी-बूटी ड्रेसिंग के साथ ताजा टमाटर,Tomates fraîches avec vinaigrette aux herbes,Pomodori freschi con condimento alle erbe,2025-05-08 14:33:57,2025-05-08 14:33:57
cat-3-salatlar-3-i-sti--toyuq-salati,Hot Chicken Salad ,,cat-3-salatlar,Salads,16.5,1,https://cdn.cafetap.az/storage/images/ryK3aMqOGuo3xf1OkDwcMBYLGtCZIrIAAVKVwlCjJkeWTOk5Qj.jpeg,0,15,Hot Chicken Salad ,İsti Toyuq Salatı,Острый куриный салат,Sıcak Tavuk Salatası,سلطة الدجاج الحارة,गरम चिकन सलाद,Salade de poulet chaude,Insalata di pollo calda,Warm chicken salad with spices,Ədviyyatlarla isti toyuq salatı,Теплый куриный салат со специями,Baharatlı sıcak tavuk salatası,سلطة دجاج دافئة مع التوابل,मसालों के साथ गरम चिकन सलाद,Salade de poulet tiède aux épices,Insalata tiepida di pollo con spezie,2025-05-08 14:33:57,2025-05-08 14:33:57
cat-9-soyuq-q-lyanaltilar-5-humus,Hummus ,,cat-9-soyuq-q-lyanaltilar,Cold Appetizers,7.5,1,/spinner.svg,0,15,Hummus ,Humus,Хумус,Humus,الحمص,हुम्मस,Houmous,Hummus,Creamy chickpea dip with olive oil,Zeytun yağı ilə qaymaqlı noxud daldırma,Сливочный соус из нута с оливковым маслом,Zeytinyağlı kremalı nohut sosu,صلصة الحمص الكريمية مع زيت الزيتون,जैतून के तेल के साथ मलाईदार चना डिप,Trempette crémeuse aux pois chiches à l'huile d'olive,Crema di ceci con olio d'oliva,2025-05-08 14:33:57,2025-05-08 14:33:57
cat-9-soyuq-q-lyanaltilar-6-kurasan-sendvi--,Croissant Sandwich ,,cat-9-soyuq-q-lyanaltilar,Cold Appetizers,12,1,/spinner.svg,0,15,Croissant Sandwich ,Kruasan Sendviç,Круассан-сэндвич,Kruvasan sandviç,ساندويتش كرواسون,क्रोइसैन सैंडविच,Sandwich au croissant,Panino con croissant,Buttery croissant filled with fresh ingredients,Təzə inqrediyentlərlə doldurulmuş yağlı kruasan,"Масляный круассан, наполненный свежими ингредиентами",Taze malzemelerle dolu tereyağlı kruvasan,كرواسون زبداني محشو بالمكونات الطازجة,ताजा सामग्री से भरा मक्खनी क्रोइसैन,Croissant au beurre garni d'ingrédients frais,Croissant al burro ripieno di ingredienti freschi,2025-05-08 14:33:57,2025-05-08 14:33:57
cat-9-soyuq-q-lyanaltilar-4-m-t-bb-l,Mutabbal ,,cat-9-soyuq-q-lyanaltilar,Cold Appetizers,7.5,1,/spinner.svg,0,15,Mutabbal ,Mütəbbəl,Мутаббал,Mutabakal,متبل,मुतब्बल,Mutabbal,Mutabbal,Smoky eggplant dip with tahini,Dumanlı badımcan tahini ilə daldırma,Копченый баклажановый соус с тахини,Tahinli isli patlıcan sosu,مقبلات الباذنجان المدخن مع الطحينة,ताहिनी के साथ स्मोकी बैंगन डिप,Trempette d'aubergines fumées au tahini,Salsa di melanzane affumicata con tahina,2025-05-08 14:33:57,2025-05-08 14:33:57
cat-9-soyuq-q-lyanaltilar-3-pa-a--zm-,Pasha Ezme ,,cat-9-soyuq-q-lyanaltilar,Cold Appetizers,7.5,1,/spinner.svg,0,15,Pasha Ezme ,Paşa Əzməsi,Паша Эзме,Paşa Ezme,باشا إزمي,पाशा एज़्मे,Pacha Ezme,Pascià Ezme,Spicy Turkish tomato and pepper spread,Acılı türk pomidoru və bibəri yayılır,Острая турецкая томатно-перцовая паста,Baharatlı Türk domates ve biber ezmesi,صلصة الطماطم والفلفل التركية الحارة,मसालेदार तुर्की टमाटर और काली मिर्च स्प्रेड,Tartinade épicée turque aux tomates et aux poivrons,Crema piccante turca di pomodori e peperoni,2025-05-08 14:33:57,2025-05-08 14:33:57
cat-9-soyuq-q-lyanaltilar-7-pendi-r-assorti-,Cheese Assortment ,,cat-9-soyuq-q-lyanaltilar,Cold Appetizers,25,1,/spinner.svg,0,15,Cheese Assortment ,Pendir Assorti,Ассортимент сыров,Peynir Çeşitleri,تشكيلة الجبن,पनीर वर्गीकरण,Assortiment de fromages,Assortimento di formaggi,Selection of local and imported cheeses,Yerli və xaricdən gətirilən pendirlərin seçimi,Выбор местных и импортных сыров,Yerel ve ithal peynir çeşitleri,مجموعة مختارة من الجبن المحلي والمستورد,स्थानीय और आयातित चीज़ों का चयन,Sélection de fromages locaux et importés,Selezione di formaggi locali e d'importazione,2025-05-08 14:33:57,2025-05-08 14:33:57
cat-9-soyuq-q-lyanaltilar-1-qari-iq-brusketta,Mixed Bruschetta ,,cat-9-soyuq-q-lyanaltilar,Cold Appetizers,14,1,/spinner.svg,0,15,Mixed Bruschetta ,Qarışıq Brusketta,Смешанная брускетта,Karışık Bruschetta,بروشيتا مختلطة,मिश्रित ब्रुशेटा,Bruschetta mixte,Bruschetta mista,Toasted bread with various Mediterranean toppings,Müxtəlif Aralıq dənizi əlavələri ilə qızardılmış çörək,Поджаренный хлеб с различными средиземноморскими начинками,Çeşitli Akdeniz soslarıyla kızarmış ekmek,خبز محمص مع إضافات البحر الأبيض المتوسط ​​المتنوعة,विभिन्न भूमध्यसागरीय टॉपिंग के साथ टोस्टेड ब्रेड,Pain grillé avec diverses garnitures méditerranéennes,Pane tostato con vari condimenti mediterranei,2025-05-08 14:33:57,2025-05-08 14:33:57
cat-9-soyuq-q-lyanaltilar-2-i-spanaqli-s-zm-,Spinach Labneh ,,cat-9-soyuq-q-lyanaltilar,Cold Appetizers,7.5,1,/spinner.svg,0,15,Spinach Labneh ,İspanaqlı Süzməsi,Шпинат Лабне,Ispanaklı Labne,لبنة السبانخ,पालक लैबनेह,Labneh aux épinards,Labneh di spinaci,Creamy yogurt cheese with fresh spinach,Təzə ispanaqlı qaymaqlı qatıq pendiri,Сливочный йогуртовый сыр со свежим шпинатом,Taze ıspanaklı kremalı yoğurt peyniri,جبنة الزبادي الكريمية مع السبانخ الطازجة,ताजा पालक के साथ मलाईदार दही पनीर,Fromage au yaourt crémeux aux épinards frais,Formaggio cremoso allo yogurt con spinaci freschi,2025-05-08 14:33:57,2025-05-08 14:33:57
cat-1-s-h-r-yem-yi-6-omlet,Omelet ,,cat-1-s-h-r-yem-yi,Breakfast,7.2,1,https://cdn.cafetap.az/storage/images/ybyVPQlhklet8w4PqXRF3EMEmngaPzcRDhdBYrRxgnEtAA8Rpt.jpeg,0,15,Omelet ,Omlet,Омлет,Omlet,عجة,आमलेट,Omelette,Frittata,Fluffy eggs cooked to perfection,Mükəmməllik üçün bişirilmiş tüklü yumurta,"Пышные яйца, приготовленные до совершенства",Mükemmel şekilde pişirilmiş kabarık yumurtalar,بيض رقيق مطبوخ إلى حد الكمال,पूरी तरह से पकाए गए मुलायम अंडे,Œufs moelleux cuits à la perfection,Uova soffici cotte alla perfezione,2025-05-08 14:33:57,2025-05-08 14:33:57
cat-1-s-h-r-yem-yi-1-organi-k-k-nd-s-h-r-yem-yi---iki-n-f-rlik-,Organic Village Breakfast (For Two) ,,cat-1-s-h-r-yem-yi,Breakfast,45,1,https://cdn.cafetap.az/storage/images/aUqodNvgs91vgHmfXhzw9v0KRzLVdnP8uFnp5reLeoLv1CBnGq.jpeg,0,15,Organic Village Breakfast (For Two) ,Orqanik Kənd Səhər Yeməyi (İki Nəfərlik),Органический деревенский завтрак (на двоих),Organik Köy Kahvaltısı (İki Kişilik),إفطار القرية العضوية (لشخصين),ऑर्गेनिक विलेज ब्रेकफास्ट (दो लोगों के लिए),Petit-déjeuner du village biologique (pour deux),Colazione biologica del villaggio (per due),Traditional breakfast spread for sharing,Paylaşmaq üçün ənənəvi səhər yeməyi,"Традиционный завтрак, который можно разделить",Paylaşmak için geleneksel kahvaltı sofrası,وجبة إفطار تقليدية للمشاركة,साझा करने के लिए पारंपरिक नाश्ता,Petit-déjeuner traditionnel à partager,Colazione tradizionale da condividere,2025-05-08 14:33:57,2025-05-08 14:33:57
cat-1-s-h-r-yem-yi-7-sucuklu-yumurta,Eggs With Sausage ,,cat-1-s-h-r-yem-yi,Breakfast,9.2,1,https://cdn.cafetap.az/storage/images/yrsiUvTHyxH7sQM9kBIjD7wjDJ02jxZvi7vSIDLOMrVBiKm6x1.jpeg,0,15,Eggs With Sausage ,Sucuqlu Yumurta,Яйца с колбасой,Sosisli Yumurta,بيض مع سجق,सॉसेज के साथ अंडे,Œufs à la saucisse,Uova con salsiccia,Farm eggs with grilled sausage,Qızardılmış kolbasa ilə ferma yumurtaları,Фермерские яйца с жареными колбасками,Izgara sosisli çiftlik yumurtaları,بيض المزرعة مع النقانق المشوية,ग्रिल्ड सॉसेज के साथ फार्म अंडे,Œufs de ferme avec saucisse grillée,Uova di fattoria con salsiccia alla griglia,2025-05-08 14:33:57,2025-05-08 14:33:57
cat-1-s-h-r-yem-yi-2-s-h-r-yem-yi-,Breakfast For One,,cat-1-s-h-r-yem-yi,Breakfast,22,1,https://cdn.cafetap.az/storage/images/IycA0z1yDMA6SFfSmnkxwhx8CvpWTngqKZJSZjXDF5A84hHvCK.jpeg,0,15,Breakfast For One,Bir Nəfərlik Səhər Yeməyi,Завтрак на одного,Bir Kişilik Kahvaltı,وجبة إفطار لشخص واحد,एक के लिए नाश्ता,Petit-déjeuner pour une personne,Colazione per uno,Complete breakfast meal for single diner,Tək nahar üçün tam səhər yeməyi,Полный завтрак для одного человека,Tek kişilik yemek yiyenler için tam kahvaltı menüsü,وجبة إفطار كاملة لشخص واحد,एकल भोजनकर्ता के लिए पूर्ण नाश्ता,Petit-déjeuner complet pour un dîner seul,Colazione completa per commensali singoli,2025-05-08 14:33:57,2025-05-08 14:33:57
cat-1-s-h-r-yem-yi-3-s-h-r-yem-yi-,Breakfast For Two,FOR TWO,cat-1-s-h-r-yem-yi,Breakfast,29.5,1,https://cdn.cafetap.az/storage/images/kWshoG5SSlYQrKgRWJOQ4vqs3EpP9jmooKSwaXX3MY8uJlNCsA.jpeg,0,15,Breakfast For Two,İki Nəfərlik Səhər Yeməyi,Завтрак на двоих,İki Kişilik Kahvaltı,وجبة إفطار لشخصين,दो लोगों के लिए नाश्ता,Petit-déjeuner pour deux,Colazione per due,Generous breakfast spread for two people,İki nəfərlik səxavətli səhər yeməyi,Щедрый завтрак на двоих,İki kişi için cömert kahvaltı büfesi,وجبة إفطار سخية لشخصين,दो लोगों के लिए भरपूर नाश्ता,Petit-déjeuner copieux pour deux personnes,Ricca colazione per due persone,2025-05-08 14:33:57,2025-05-08 14:33:57
cat-1-s-h-r-yem-yi-4-s-h-r-yem-yi-,Breakfast For Four,FOR FOUR,cat-1-s-h-r-yem-yi,Breakfast,42,1,https://cdn.cafetap.az/storage/images/3XdKeDgPmWT6KMtfyklxmz4TOXy76F0chnNmCX2LnY9Ws430Xa.jpeg,0,15,Breakfast For Four,Dörd Nəfərlik Səhər Yeməyi,Завтрак на четверых,Dört Kişilik Kahvaltı,إفطار لأربعة أشخاص,चार लोगों के लिए नाश्ता,Petit-déjeuner pour quatre,Colazione per quattro,Family-style breakfast platter,Ailə tərzi səhər yeməyi yeməyi,Завтрак в семейном стиле,Aile tarzı kahvaltı tabağı,طبق إفطار عائلي,पारिवारिक शैली का नाश्ता,Plateau de petit-déjeuner familial,Piatto per la colazione in stile familiare,2025-05-08 14:33:57,2025-05-08 14:33:57
cat-1-s-h-r-yem-yi-8-t-r-v-zli--yumurta,Vegetable Omelet ,,cat-1-s-h-r-yem-yi,Breakfast,9.9,1,https://cdn.cafetap.az/storage/images/LEzFSe1tYZhFlygkxMnLti4fUUUtkq4s2SbM05Xo8Xnbl0rBpv.jpeg,0,15,Vegetable Omelet ,Tərəvəzli Yumurta,Овощной омлет,Sebzeli Omlet,عجة الخضار,सब्जी ऑमलेट,Omelette aux légumes,Frittata di verdure,Fluffy omelet with fresh seasonal vegetables,Təzə mövsüm tərəvəzləri ilə tüklü omlet,Воздушный омлет со свежими сезонными овощами,Taze mevsim sebzeleriyle kabarık omlet,عجة رقيقة مع خضروات موسمية طازجة,ताजा मौसमी सब्जियों के साथ स्वादिष्ट ऑमलेट,Omelette moelleuse aux légumes frais de saison,Frittata soffice con verdure fresche di stagione,2025-05-08 14:33:57,2025-05-08 14:33:57
cat-1-s-h-r-yem-yi-5-i-ngi-li-s-s-h-r-yem-yi-,English Breakfast ,,cat-1-s-h-r-yem-yi,Breakfast,13,1,https://cdn.cafetap.az/storage/images/kMAD8aHaiYMTw2Op1UxH9dIsSeUEK3pjH3TlUXfYZJl75FBIz6.jpeg,0,15,English Breakfast ,İngilis Səhər Yeməyi,Английский завтрак,İngiliz Kahvaltısı,فطور إنجليزي,अंग्रेजी नाश्ता,Petit-déjeuner anglais,Colazione inglese,Full British breakfast with all traditional items,Bütün ənənəvi əşyalarla dolu Britaniya səhər yeməyi,Полный британский завтрак со всеми традиционными блюдами,Tüm geleneksel yiyeceklerin yer aldığı tam İngiliz kahvaltısı,وجبة إفطار بريطانية كاملة مع جميع العناصر التقليدية,सभी पारंपरिक व्यंजनों के साथ पूर्ण ब्रिटिश नाश्ता,Petit-déjeuner britannique complet avec tous les plats traditionnels,Colazione britannica completa con tutti gli elementi tradizionali,2025-05-08 14:33:57,2025-05-08 14:33:57
cat-11-toyuq-yem-kl-ri--2-faxi-tas-toyuq-i-l-,Chicken Fajitas ,,cat-11-toyuq-yem-kl-ri-,Chicken Dishes,18.5,1,/spinner.svg,0,15,Chicken Fajitas ,Toyuqlu Faxitas,Фахитас с курицей,Tavuk Fajitaları,فاهيتا الدجاج,चिकन फजितास,Fajitas au poulet,Fajitas di pollo,Sizzling chicken with peppers and tortillas,Bibər və tortilla ilə qızardılmış toyuq,Жареная курица с перцем и лепешками,Biber ve tortillalarla cızırtılı tavuk,دجاج ساخن مع الفلفل والتورتيلا,मिर्च और टॉर्टिला के साथ चटपटा चिकन,Poulet grésillant aux poivrons et tortillas,Pollo sfrigolante con peperoni e tortillas,2025-05-08 14:33:57,2025-05-08 14:33:57
cat-11-toyuq-yem-kl-ri--4-ki-yev-saya-i-kotlet,Chicken Kiev Cutlet ,,cat-11-toyuq-yem-kl-ri-,Chicken Dishes,18,1,/spinner.svg,0,15,Chicken Kiev Cutlet ,Kiev Sayağı Kotlet,Котлета по-киевски,Tavuk Kiev Pirzolası,شريحة دجاج كييف,चिकन कीव कटलेट,Escalope de poulet à la Kiev,Cotoletta di pollo alla Kiev,Breaded chicken breast with herb butter,Kərə yağı ilə bişmiş toyuq döşü,Куриная грудка в панировке с травяным маслом,Otlu tereyağlı ekmekli tavuk göğsü,صدر دجاج مقلي مع زبدة الأعشاب,हर्ब बटर के साथ ब्रेडेड चिकन ब्रेस्ट,Poitrine de poulet panée au beurre aux herbes,Petto di pollo impanato con burro alle erbe,2025-05-08 14:33:57,2025-05-08 14:33:57
cat-11-toyuq-yem-kl-ri--6-li-mon-souslu-toyuq,Lemon Sauce Chicken ,,cat-11-toyuq-yem-kl-ri-,Chicken Dishes,19,1,/spinner.svg,0,15,Lemon Sauce Chicken ,Limon Souslu Toyuq,Курица в лимонном соусе,Limon Soslu Tavuk,دجاج بصلصة الليمون,नींबू सॉस चिकन,Poulet à la sauce au citron,Pollo al limone,Grilled chicken with tangy lemon glaze,Qızardılmış toyuq ətli limon şirəsi ilə,Жареная курица с пикантной лимонной глазурью,Ekşi limon soslu ızgara tavuk,دجاج مشوي مع صلصة الليمون الحامضة,तीखे नींबू के स्वाद के साथ ग्रिल्ड चिकन,Poulet grillé avec glaçage acidulé au citron,Pollo alla griglia con glassa al limone piccante,2025-05-08 14:33:57,2025-05-08 14:33:57
cat-11-toyuq-yem-kl-ri--1-qaymaqli-pendi-rli--toyuq,Creamy Cheese Chicken ,,cat-11-toyuq-yem-kl-ri-,Chicken Dishes,20.5,1,/spinner.svg,0,15,Creamy Cheese Chicken ,Qaymaqlı Pendirli Toyuq,Курица в сливочном сыре,Kremalı Peynirli Tavuk,دجاج بالجبن الكريمي,मलाईदार पनीर चिकन,Poulet au fromage crémeux,Pollo al formaggio cremoso,Chicken breast in rich cheese sauce,Zəngin pendir sousunda toyuq göğsü,Куриная грудка в густом сырном соусе,Zengin peynir soslu tavuk göğsü,صدر دجاج في صلصة الجبن الغنية,पनीर सॉस में चिकन ब्रेस्ट,Poitrine de poulet dans une riche sauce au fromage,Petto di pollo in salsa ricca di formaggio,2025-05-08 14:33:57,2025-05-08 14:33:57
cat-11-toyuq-yem-kl-ri--5-thai-chicken,Thai Chicken ,,cat-11-toyuq-yem-kl-ri-,Chicken Dishes,18,1,/spinner.svg,0,15,Thai Chicken ,Thai Toyuq,Тайская курица,Tayland usulü tavuk,دجاج تايلاندي,थाई चिकन,Poulet thaï,Pollo tailandese,Spicy Thai-style chicken with coconut,Hindistancevizi ilə ədviyyatlı Tay üslubunda toyuq,Острая курица по-тайски с кокосом,Hindistan cevizli baharatlı Tayland usulü tavuk,دجاج حار على الطريقة التايلاندية مع جوز الهند,नारियल के साथ मसालेदार थाई शैली चिकन,Poulet épicé à la thaïlandaise à la noix de coco,Pollo piccante in stile thailandese con cocco,2025-05-08 14:33:57,2025-05-08 14:33:57
cat-11-toyuq-yem-kl-ri--3-toyuq-i-zqara,Grilled Chicken ,,cat-11-toyuq-yem-kl-ri-,Chicken Dishes,18,1,/spinner.svg,0,15,Grilled Chicken ,İzqara Toyuq,Курица на гриле,Izgara tavuk,دجاج مشوي,ग्रिल्ड चिकन ,Poulet grillé,Pollo alla griglia,Simply grilled chicken with herbs,Otlar ilə sadəcə ızgara toyuq,Просто жареная курица с травами,Otlu sade ızgara tavuk,دجاج مشوي مع الأعشاب,जड़ी-बूटियों के साथ सरलता से ग्रिल्ड चिकन,Poulet simplement grillé aux herbes,Pollo alla griglia con erbe aromatiche,2025-05-08 14:33:57,2025-05-08 14:33:57
cat-10-i-sti--q-lyanaltilar-4-assorti--q-lyanalti,Mixed Appetizer Platter ,,cat-10-i-sti--q-lyanaltilar,Hot Appetizers,19,1,/spinner.svg,0,15,Mixed Appetizer Platter ,Qarışıq Qəlyanaltı,Ассорти из закусок,Karışık Meze Tabağı,طبق مقبلات مشكلة,मिश्रित ऐपेटाइज़र प्लैटर,Plateau d'amuse-gueules mixtes,Piatto di antipasti misti,Variety of small plates for sharing,Paylaşmaq üçün müxtəlif kiçik boşqablar,Разнообразие небольших тарелок для совместного использования,Paylaşmak için çeşitli küçük tabaklar,مجموعة متنوعة من الأطباق الصغيرة للمشاركة,साझा करने के लिए विभिन्न प्रकार की छोटी प्लेटें,Variété de petites assiettes à partager,Varietà di piccoli piatti da condividere,2025-05-08 14:33:57,2025-05-08 14:33:57
cat-10-i-sti--q-lyanaltilar-5-krevetl-r-klyarda,Prawns In Batter ,,cat-10-i-sti--q-lyanaltilar,Hot Appetizers,19.5,1,/spinner.svg,0,15,Prawns In Batter ,Klyarda Krevetkalar,Креветки в кляре,Hamurlu Karides,روبيان في العجين,बैटर में झींगा,Crevettes en pâte,Gamberi in pastella,Crispy battered prawns with dipping sauce,Daldırma sousu ilə xırtıldayan xırtıldayan karideslər,Хрустящие креветки в кляре с соусом для макания,Daldırma soslu çıtır çıtır karidesler,روبيان مقرمش مع صلصة الغمس,डिपिंग सॉस के साथ कुरकुरे बैटर वाले झींगे,Crevettes panées croustillantes avec sauce à tremper,Gamberi croccanti in pastella con salsa,2025-05-08 14:33:57,2025-05-08 14:33:57
cat-10-i-sti--q-lyanaltilar-1-pendi-r--ubuqlari,Cheese Sticks ,,cat-10-i-sti--q-lyanaltilar,Hot Appetizers,14,1,/spinner.svg,0,15,Cheese Sticks ,Pendir Çubukları,Сырные палочки,Peynir çubukları,أصابع الجبن,चीज़ चिपकता है ,Bâtonnets de fromage,Bastoncini di formaggio,Golden fried mozzarella with marinara,Marinara ilə qızılı qızardılmış mozzarella,Золотистая жареная моцарелла с маринарой,Marinara soslu kızarmış mozzarella,جبنة موزاريلا مقلية ذهبية اللون مع صلصة مارينارا,मारिनारा के साथ सुनहरा तला हुआ मोत्ज़ारेला,Mozzarella frite dorée avec sauce marinara,Mozzarella fritta dorata con marinara,2025-05-08 14:33:57,2025-05-08 14:33:57
cat-10-i-sti--q-lyanaltilar-2-qizardilmi--so-an-halqalari,Fried Onion Rings ,,cat-10-i-sti--q-lyanaltilar,Hot Appetizers,15,1,/spinner.svg,0,15,Fried Onion Rings ,Qızardılmış Soğan Halqaları,Жареные луковые кольца,Kızarmış Soğan Halkaları,حلقات البصل المقلية,तले हुए प्याज के छल्ले,Rondelles d'oignon frites,Anelli di cipolla fritti,Crispy beer-battered onion rings,Xırtıldayan pivə ilə döyülmüş soğan halqaları,Хрустящие луковые кольца в пивном кляре,Çıtır bira hamurlu soğan halkaları,حلقات البصل المقرمشة المغطاة بالبيرة,कुरकुरे बियर-बैटर प्याज के छल्ले,Rondelles d'oignon croustillantes panées à la bière,Anelli di cipolla croccanti in pastella di birra,2025-05-08 14:33:57,2025-05-08 14:33:57
cat-10-i-sti--q-lyanaltilar-3-toyuq-naggetsl-ri-,Chicken Nuggets ,,cat-10-i-sti--q-lyanaltilar,Hot Appetizers,14,1,/spinner.svg,0,15,Chicken Nuggets ,Toyuq Nuggetləri,Куриные наггетсы,Tavuk nugget'ları,قطع دجاج ناجتس,चिकन नगेट्स,Nuggets de poulet,Nuggets di pollo,Tender chicken pieces in crispy coating,Xırtıldayan örtükdə yumşaq toyuq parçaları,Нежные кусочки курицы в хрустящей панировке,Çıtır kaplamalı yumuşak tavuk parçaları,قطع دجاج طرية مغطاة بطبقة مقرمشة,कुरकुरी कोटिंग में चिकन के मुलायम टुकड़े,Morceaux de poulet tendres enrobés d'une panure croustillante,Teneri pezzi di pollo in una panatura croccante,2025-05-08 14:33:57,2025-05-08 14:33:57
cat-5--orbalar-6-buyabes-d-ni-z-m-hsullari--orbasi,Bouillabaisse Seafood Soup ,,cat-5--orbalar,Soups,18,1,/spinner.svg,0,15,Bouillabaisse Seafood Soup ,Buyabes Dəniz Məhsulları Şorbası,Суп из морепродуктов «буйабес»,Bouillabaisse Deniz Ürünleri Çorbası,شوربة بويابيس للمأكولات البحرية,बोउइलाबेसे समुद्री भोजन सूप,Soupe de fruits de mer à la bouillabaisse,Zuppa di frutti di mare alla bouillabaisse,French-style seafood stew,Fransız üslubunda dəniz məhsulları güveç,Тушеные морепродукты по-французски,Fransız usulü deniz mahsulleri yahnisi,حساء المأكولات البحرية على الطريقة الفرنسية,फ्रेंच शैली का समुद्री भोजन स्टू,Ragoût de fruits de mer à la française,stufato di pesce alla francese,2025-05-08 14:33:57,2025-05-08 14:33:57
cat-5--orbalar-5-d--b-r-,Dumplings ,,cat-5--orbalar,Soups,8.5,1,/spinner.svg,0,15,Dumplings ,Düşbərə,Пельмени,Köfteler,الزلابية,पकौड़े,Boulettes,Gnocchi,Steamed or fried dumplings with filling,İçlik ilə buxarlanmış və ya qızardılmış köftələr,Вареники паровые или жареные с начинкой,İç harcıyla buharda pişirilmiş veya kızartılmış köfte,الزلابية المطهوة على البخار أو المقلية مع الحشوة,"भाप से पकाए गए या तले हुए पकौड़े, जिनमें भरावन हो",Raviolis cuits à la vapeur ou frits avec garniture,Ravioli ripieni al vapore o fritti,2025-05-08 14:33:57,2025-05-08 14:33:57
cat-5--orbalar-4-g-b-l-k--orbasi,Mushroom Soup ,,cat-5--orbalar,Soups,6.9,1,/spinner.svg,0,15,Mushroom Soup ,Göbələk Şorbası,Грибной суп,Mantar Çorbası,حساء الفطر,मशरूम का सूप ,Soupe aux champignons,Zuppa di funghi,Creamy soup with fresh mushrooms,Təzə göbələk ilə qaymaqlı şorba,Крем-суп со свежими грибами,Taze mantarlı kremalı çorba,شوربة كريمة مع الفطر الطازج,ताजे मशरूम के साथ मलाईदार सूप,Soupe crémeuse aux champignons frais,Zuppa cremosa con funghi freschi,2025-05-08 14:33:57,2025-05-08 14:33:57
cat-5--orbalar-3-m-rci---orbasi,Lentil Soup ,,cat-5--orbalar,Soups,6.9,1,/spinner.svg,0,15,Lentil Soup ,Mərci Şorbası,Чечевичный суп,Mercimek Çorbası,شوربة العدس,दाल का सूप,Soupe aux lentilles,Zuppa di lenticchie,Traditional Turkish red lentil soup,Ənənəvi türk qırmızı mərci şorbası,Традиционный турецкий суп из красной чечевицы,Geleneksel Türk kırmızı mercimek çorbası,شوربة العدس الأحمر التركية التقليدية,पारंपरिक तुर्की लाल मसूर सूप,Soupe traditionnelle turque aux lentilles rouges,Zuppa di lenticchie rosse tradizionale turca,2025-05-08 14:33:57,2025-05-08 14:33:57
cat-5--orbalar-2-tomat--orbasi,Tomato Soup ,,cat-5--orbalar,Soups,7.5,1,/spinner.svg,0,15,Tomato Soup ,Tomat Şorbası,Томатный суп,Domates çorbası,شوربة الطماطم,टमाटर का सूप ,Soupe aux tomates,Zuppa di pomodoro,Classic tomato soup with herbs,Otlar ilə klassik pomidor şorbası,Классический томатный суп с травами,Otlu klasik domates çorbası,شوربة الطماطم الكلاسيكية مع الأعشاب,जड़ी-बूटियों के साथ क्लासिक टमाटर सूप,Soupe classique aux tomates et aux herbes,Zuppa di pomodoro classica con erbe aromatiche,2025-05-08 14:33:57,2025-05-08 14:33:57
cat-5--orbalar-1-toyuq--orbasi,Chicken Soup ,,cat-5--orbalar,Soups,6.9,1,/spinner.svg,0,15,Chicken Soup ,Toyuq Şorbası,Куриный суп,Tavuk çorbası,شوربة الدجاج,चिकन सूप ,Soupe au poulet,Zuppa di pollo,Hearty chicken broth with vegetables,Tərəvəz ilə doyurucu toyuq suyu,Наваристый куриный бульон с овощами,Sebzeli doyurucu tavuk suyu,مرق دجاج شهي مع الخضار,सब्जियों के साथ स्वादिष्ट चिकन शोरबा,Bouillon de poulet copieux aux légumes,Brodo di pollo sostanzioso con verdure,2025-05-08 14:33:57,2025-05-08 14:33:57
cat-13--t-yem-kl-ri--3-ciz-biz,Sizzling Beef ,,cat-13--t-yem-kl-ri-,Meat Dishes,19,1,/spinner.svg,0,15,Sizzling Beef ,Cız-bız,Жареная говядина,Cızırtılı dana eti,لحم البقر الساخن,सिज़लिंग बीफ़,Bœuf grésillant,Manzo sfrigolante,Tender beef served on hot iron plate,Yumşaq mal əti isti dəmir boşqabda verilir,"Нежная говядина, подается на горячей чугунной тарелке",Sıcak demir tabakta servis edilen yumuşak dana eti,لحم بقري طري يُقدم على طبق حديدي ساخن,गरम लोहे की प्लेट पर परोसा गया कोमल गोमांस,Bœuf tendre servi sur une plaque de fer chaude,Tenera carne di manzo servita su piastra di ferro calda,2025-05-08 14:33:57,2025-05-08 14:33:57
cat-13--t-yem-kl-ri--2-faxi-tas-can--ti--i-l-,Beef Fajitas ,,cat-13--t-yem-kl-ri-,Meat Dishes,28,1,/spinner.svg,0,15,Beef Fajitas ,Can Əti Faxitas,Фахитас с говядиной,Dana Fajitaları,فاهيتا لحم البقر,बीफ फजिटास,Fajitas au bœuf,Fajitas di manzo,Sizzling beef with peppers and tortillas,Bibər və tortilla ilə qızardılmış mal əti,Жареная говядина с перцем и лепешками,Biber ve tortillalarla cızırtılı dana eti,لحم بقري ساخن مع الفلفل والتورتيلا,मिर्च और टॉर्टिला के साथ गरमागरम बीफ,Bœuf grésillant aux poivrons et tortillas,Manzo sfrigolante con peperoni e tortillas,2025-05-08 14:33:57,2025-05-08 14:33:57
cat-13--t-yem-kl-ri--9-lazanya,Lasagna ,,cat-13--t-yem-kl-ri-,Meat Dishes,19,1,/spinner.svg,0,15,Lasagna ,Lazanya,Лазанья,Lazanya,لازانيا,लज़ान्या,Lasagnes,Lasagna,Layered pasta with meat sauce and cheese,Ət sousu və pendir ilə qatlanmış makaron,Слоеная паста с мясным соусом и сыром,Et soslu ve peynirli katmanlı makarna,معكرونة متعددة الطبقات مع صلصة اللحم والجبن,मांस सॉस और पनीर के साथ स्तरित पास्ता,Pâtes feuilletées avec sauce à la viande et fromage,Pasta a strati con sugo di carne e formaggio,2025-05-08 14:33:57,2025-05-08 14:33:57
cat-13--t-yem-kl-ri--4-nar-qovurma-quzu--ti--i-l-,Pomegranate Stew With Lamb ,,cat-13--t-yem-kl-ri-,Meat Dishes,24,1,/spinner.svg,0,15,Pomegranate Stew With Lamb ,Quzu Əti ilə Nar Qovurma,Гранатовое рагу с ягненком,Kuzu Etli Nar Güveci,يخنة الرمان مع لحم الضأن,मेमने के साथ अनार का स्टू,Ragoût de grenade à l'agneau,Stufato di melograno con agnello,Persian-inspired lamb with pomegranate,Narlı farsca ilhamlanmış quzu əti,Баранина по-персидски с гранатом,Narlı Fars esintili kuzu eti,لحم ضأن مستوحى من المطبخ الفارسي مع الرمان,फ़ारसी-प्रेरित मेमना और अनार,Agneau d'inspiration persane à la grenade,Agnello di ispirazione persiana con melograno,2025-05-08 14:33:57,2025-05-08 14:33:57
cat-13--t-yem-kl-ri--10-qaymaqli-can--ti-,Creamy Beef ,,cat-13--t-yem-kl-ri-,Meat Dishes,33,1,/spinner.svg,0,15,Creamy Beef ,Qaymaqlı Can Əti,Говядина в сливках,Kremalı dana eti,لحم بقري كريمي,मलाईदार बीफ,Bœuf crémeux,Manzo cremoso,Tender beef in rich cream sauce,Zəngin qaymaqlı sousda yumşaq mal əti,Нежная говядина в густом сливочном соусе,Zengin krema soslu yumuşak dana eti,لحم بقري طري في صلصة كريمة غنية,क्रीम सॉस में कोमल गोमांस,Bœuf tendre dans une sauce crémeuse riche,Tenera carne di manzo in salsa cremosa e ricca,2025-05-08 14:33:57,2025-05-08 14:33:57
cat-13--t-yem-kl-ri--5-quzu-barbekyu,Lamb Barbecue ,,cat-13--t-yem-kl-ri-,Meat Dishes,27,1,/spinner.svg,0,15,Lamb Barbecue ,Quzu Barbekyu,Баранина на гриле,Kuzu Barbekü,لحم ضأن مشوي,मेमने बारबेक्यू,Barbecue d'agneau,Barbecue di agnello,Grilled lamb with smoky barbecue flavors,Dumanlı barbekü ləzzətləri ilə qızardılmış quzu əti,Жареный ягненок с дымчатым привкусом барбекю,Dumanlı barbekü aromalı ızgara kuzu eti,لحم ضأن مشوي مع نكهات الشواء المدخنة,स्मोकी बारबेक्यू फ्लेवर के साथ ग्रिल्ड मेमना,Agneau grillé aux saveurs fumées de barbecue,Agnello alla griglia con sapori affumicati di barbecue,2025-05-08 14:33:57,2025-05-08 14:33:57
cat-13--t-yem-kl-ri--6-quzu-t-ndi-r-plov-i-l-,Lamb Tandoori With Pilaf ,,cat-13--t-yem-kl-ri-,Meat Dishes,48,1,/spinner.svg,0,15,Lamb Tandoori With Pilaf ,Plovla Quzu Təndir,Баранина Тандури с Пловом,Pilavlı Kuzu Tandır,لحم ضأن تندوري مع بيلاف,पिलाफ के साथ मेमने का तंदूरी व्यंजन,Agneau Tandoori avec Pilaf,Agnello Tandoori con Pilaf,Spiced lamb with aromatic rice,Aromatik düyü ilə ədviyyatlı quzu,Пряная баранина с ароматным рисом,Aromatik pirinçli baharatlı kuzu eti,لحم ضأن متبل مع أرز عطري,सुगंधित चावल के साथ मसालेदार भेड़ का मांस,Agneau épicé avec riz aromatique,Agnello speziato con riso aromatico,2025-05-08 14:33:57,2025-05-08 14:33:57
cat-13--t-yem-kl-ri--1-quzu--ti--i-l--kasarola,Lamb Casserole ,,cat-13--t-yem-kl-ri-,Meat Dishes,23,1,/spinner.svg,0,15,Lamb Casserole ,Quzu Əti Kasarola,Запеканка из баранины,Kuzu Güveç,طاجن لحم الضأن,मेमने का पुलाव,Gratin d'agneau,Casseruola di agnello,Slow-cooked lamb with vegetables,Tərəvəz ilə yavaş-yavaş bişirilmiş quzu əti,"Баранина, приготовленная на медленном огне с овощами",Sebzeli yavaş pişmiş kuzu eti,لحم ضأن مطهو ببطء مع الخضار,सब्जियों के साथ धीमी आंच पर पकाया गया भेड़ का मांस,Agneau mijoté aux légumes,Agnello cotto lentamente con verdure,2025-05-08 14:33:57,2025-05-08 14:33:57
cat-13--t-yem-kl-ri--7-rib-eye-steak,Rib-Eye Steak ,,cat-13--t-yem-kl-ri-,Meat Dishes,55,1,/spinner.svg,0,15,Rib-Eye Steak ,Rib-Eye Steak,Стейк рибай,Kaburga biftek,شريحة لحم الضلع,रिब आइ स्टेक ,Steak de faux-filet,Bistecca di costata,Premium cut steak grilled to preference,Üstünlüklə qızardılmış steyk,"Стейк премиум-класса, приготовленный на гриле по вашему вкусу",Tercihe göre ızgara edilmiş birinci sınıf kesilmiş biftek,شريحة لحم ممتازة مشوية حسب الرغبة,प्रीमियम कट स्टेक पसंद के अनुसार ग्रील्ड,Steak de première qualité grillé selon vos préférences,Bistecca di prima qualità grigliata a piacere,2025-05-08 14:33:57,2025-05-08 14:33:57
cat-13--t-yem-kl-ri--8-yarpaq-dolma,Stuffed Grape Leaves ,,cat-13--t-yem-kl-ri-,Meat Dishes,21,1,/spinner.svg,0,15,Stuffed Grape Leaves ,Yarpaq Dolma,Фаршированные виноградные листья,Yaprak Sarması,ورق عنب محشي,अंगूर की भरवां पत्तियां ,Feuilles de vigne farcies,Foglie di vite ripiene,Vine leaves filled with rice and herbs,Üzüm yarpaqları düyü və otlarla doludur,"Виноградные листья, фаршированные рисом и травами",Pirinç ve otlarla doldurulmuş asma yaprakları,أوراق العنب المحشوة بالأرز والأعشاب,चावल और जड़ी-बूटियों से भरे बेल के पत्ते,Feuilles de vigne farcies de riz et d'herbes,Foglie di vite ripiene di riso ed erbe aromatiche,2025-05-08 14:33:57,2025-05-08 14:33:57